
> d1env-frontend@0.1.0 test
> vitest --run


 RUN  v5.0.3 [LOCAL_PATH]

 ❯ tests/unit/SoftwareApp.test.tsx (11 tests | 4 failed) 4829ms
   ❯ M3 软件模式的真实范围与生命周期 (11)
     × 随包镜像导入只提交原始文件并携带 CSRF，成功仅表示软件镜像已导入 1077ms
     × 没有受信发行元数据时文件选择和导入均禁用并说明原因 1057ms
     × 镜像校验错误按原文展示具体错误与下一步，不能显示导入成功 1057ms
     × 导入返回非发行镜像身份时不推断成功 1060ms

⎯⎯⎯⎯⎯⎯⎯ Failed Tests 4 ⎯⎯⎯⎯⎯⎯⎯

 FAIL  tests/unit/SoftwareApp.test.tsx > M3 软件模式的真实范围与生命周期 > 随包镜像导入只提交原始文件并携带 CSRF，成功仅表示软件镜像已导入
TestingLibraryElementError: Unable to find role="button" and name "导入随发行包提供的 ROS 软件镜像"

Ignored nodes: comments, script, style
[36m<body>[39m
  [36m<div>[39m
    [36m<div[39m
      [33mclass[39m=[32m"app-shell"[39m
    [36m>[39m
      [36m<header[39m
        [33mclass[39m=[32m"app-header"[39m
      [36m>[39m
        [36m<a[39m
          [33maria-label[39m=[32m"D1Env 首页"[39m
          [33mclass[39m=[32m"brand"[39m
          [33mhref[39m=[32m"/"[39m
        [36m>[39m
          [36m<span[39m
            [33maria-hidden[39m=[32m"true"[39m
            [33mclass[39m=[32m"brand-mark"[39m
          [36m>[39m
            [0mD1[0m
          [36m</span>[39m
          [36m<span>[39m
            [0mD1Env[0m
            [36m<small>[39m
              [0m机器人环境工作台[0m
            [36m</small>[39m
          [36m</span>[39m
        [36m</a>[39m
        [36m<div[39m
          [33mclass[39m=[32m"header-right"[39m
        [36m>[39m
          [36m<span[39m
            [33mclass[39m=[32m"local-label"[39m
          [36m>[39m
            [36m<i />[39m
            [0m 本地工作台[0m
          [36m</span>[39m
          [36m<span[39m
            [33mclass[39m=[32m"release-tag"[39m
          [36m>[39m
            [0mM3 · 软件部署与检查[0m
          [36m</span>[39m
        [36m</div>[39m
      [36m</header>[39m
      [36m<div[39m
        [33mclass[39m=[32m"mock-banner software-banner"[39m
        [33mdata-testid[39m=[32m"mode-watermark"[39m
      [36m>[39m
        [36m<span>[39m
          [0m真实软件测试 · Docker/ROS[0m
        [36m</span>[39m
        [36m<p>[39m
          [0m仅验证 CPU ROS 软件通信，未连接真机，未验证 D1 功能。[0m
        [36m</p>[39m
        [36m<strong>[39m
          [0m运动权限：未启用[0m
        [36m</strong>[39m
      [36m</div>[39m
      [36m<div[39m
        [33mclass[39m=[32m"workspace-title"[39m
      [36m>[39m
        [36m<div>[39m
          [36m<span[39m
            [33mclass[39m=[32m"eyebrow"[39m
          [36m>[39m
            [0mD1 ENVIRONMENT / FOUNDATION[0m
          [36m</span>[39m
          [36m<h2>[39m
            [0m把每一步，部署得明白。[0m
          [36m</h2>[39m
        [36m</div>[39m
        [36m<span[39m
          [33mclass[39m=[32m"workspace-version"[39m
        [36m>[39m
          [0m中文向导 [0m
          [36m<b>[39m
            [0m01[0m
          [36m</b>[39m
        [36m</span>[39m
      [36m</div>[39m
      [36m<nav[39m
        [33maria-label[39m=[32m"部署向导步骤"[39m
        [33mclass[39m=[32m"wizard-steps"[39m
      [36m>[39m
        [36m<button[39m
          [33maria-label[39m=[32m"1 使用方式"[39m
          [33mtype[39m=[32m"button"[39m
        [36m>[39m
          [36m<span[39m
            [33mclass[39m=[32m"step-number"[39m
          [36m>[39m
            [0m01[0m
          [36m</span>[39m
          [36m<span>[39m
            [0m使用方式[0m
          [36m</span>[39m
        [36m</button>[39m
        [36m<button[39m
          [33maria-label[39m=[32m"2 机器人配置"[39m
          [33mtype[39m=[32m"button"[39m
        [36m>[39m
          [36m<span[39m
            [33mclass[39m=[32m"step-number"[39m
          [36m>[39m
            [0m02[0m
          [36m</span>[39m
          [36m<span>[39m
            [0m机器人配置[0m
          [36m</span>[39m
        [36m</button>[39m
        [36m<button[39m
          [33maria-current[39m=[32m"step"[39m
          [33maria-label[39m=[32m"3 执行电脑"[39m
          [33mtype[39m=[32m"button"[39m
        [36m>[39m
          [36m<span[39m
            [33mclass[39m=[32m"step-number"[39m
          [36m>[39m
            [0m03[0m
          [36m</span>[39m
          [36m<span>[39m
            [0m执行电脑[0m
          [36m</span>[39m
        [36m</button>[39m
        [36m<button[39m
          [33maria-label[39m=[32m"4 部署预览"[39m
          [33mtype[39m=[32m"button"[39m
        [36m>[39m
          [36m<span[39m
            [33mclass[39m=[32m"step-number"[39m
          [36m>[39m
            [0m04[0m
          [36m</span>[39m
          [36m<span>[39m
            [0m部署预览[0m
          [36m</span>[39m
        [36m</button>[39m
        [36m<button[39m
          [33maria-label[39m=[32m"5 运行与结果"[39m
          [33mtype[39m=[32m"button"[39m
        [36m>[39m
          [36m<span[39m
            [33mclass[39m=[32m"step-number"[39m
          [36m>[39m
            [0m05[0m
          [36m</span>[39m
          [36m<span>[39m
            [0m运行与结果[0m
          [36m</span>[39m
        [36m</button>[39m
      [36m</nav>[39m
      [36m<div[39m
        [33mclass[39m=[32m"workspace-grid"[39m
      [36m>[39m
        [36m<main[39m
          [33mclass[39m=[32m"main-panel"[39m
        [36m>[39m
          [36m<div[39m
            [33mclass[39m=[32m"page-heading"[39m
          [36m>[39m
            [36m<span[39m
              [33mclass[39m=[32m"eyebrow"[39m
            [36m>[39m
              [0m03 / 只读检查[0m
            [36m</span>[39m
            [36m<h1>[39m
              [0m先了解执行电脑。[0m
            [36m</h1>[39m
            [36m<p>[39m
              [0m检测来自本地后端所在的电脑，浏览器访问端与执行端明确区分。不会安装或修改配置。[0m
            [36m</p>[39m
          [36m</div>[39m
          [36m<div[39m
            [33mclass[39m=[32m"host-card"[39m
          [36m>[39m
            [36m<div[39m
              [33mclass[39m=[32m"host-title"[39m
            [36m>[39m
              [36m<span[39m
                [33maria-hidden[39m=[32m"true"[39m
                [33mclass[39m=[32m"computer-icon"[39m
              [36m>[39m
                [0m▣[0m
              [36m</span>[39m
              [36m<div>[39m
                [36m<h2>[39m
                  [0m本地执行电脑[0m
                [36m</h2>[39m
                [36m<p>[39m
                  [0m目标 local · 后端本机[0m
                [36m</p>[39m
              [36m</div>[39m
              [36m<span[39m
                [33mclass[39m=[32m"tag neutral-tag"[39m
              [36m>[39m
                [0m检测已返回[0m
              [36m</span>[39m
            [36m</div>[39m
            [36m<dl[39m
              [33mclass[39m=[32m"host-facts"[39m
            [36m>[39m
              [36m<div>[39m
                [36m<dt>[39m
                  [0m操作系统[0m
                [36m</dt>[39m
                [36m<dd>[39m
                  [0mDarwin 26.0[0m
                [36m</dd>[39m
              [36m</div>[39m
              [36m<div>[39m
                [36m<dt>[39m
                  [0mCPU 架构[0m
                [36m</dt>[39m
                [36m<dd>[39m
                  [0maarch64[0m
                [36m</dd>[39m
              [36m</div>[39m
              [36m<div>[39m
                [36m<dt>[39m
                  [0m可用磁盘[0m
                [36m</dt>[39m
                [36m<dd>[39m
                  [0m18.6 GB[0m
                [36m</dd>[39m
              [36m</div>[39m
              [36m<div>[39m
                [36m<dt>[39m
                  [0mDocker[0m
                [36m</dt>[39m
                [36m<dd>[39m
                  [0m已检测到[0m
                [36m</dd>[39m
              [36m</div>[39m
              [36m<div>[39m
                [36m<dt>[39m
                  [0mDocker 访问[0m
                [36m</dt>[39m
                [36m<dd>[39m
                  [0m已检测到[0m
                [36m</dd>[39m
              [36m</div>[39m
              [36m<div>[39m
                [36m<dt>[39m
                  [0mCompose[0m
                [36m</dt>[39m
                [36m<dd>[39m
                  [0m已检测到[0m
                [36m</dd>[39m
              [36m</div>[39m
            [36m</dl>[39m
            [36m<p[39m
              [33mclass[39m=[32m"muted"[39m
            [36m>[39m
              [0m浏览器访问端：当前浏览器；其系统信息不参与后端兼容判定。[0m
            [36m</p>[39m
            [36m<dl[39m
              [33mclass[39m=[32m"host-facts"[39m
            [36m>[39m
              [36m<div>[39m
                [36m<dt>[39m
                  [0mDocker 执行环境[0m
                [36m</dt>[39m
                [36m<dd>[39m
                  [0mlinux[0m
                [36m</dd>[39m
              [36m</div>[39m
              [36m<div>[39m
                [36m<dt>[39m
                  [0mDocker CPU 架构[0m
                [36m</dt>[39m
                [36m<dd>[39m
                  [0maarch64[0m
                [36m</dd>[39m
              [36m</div>[39m
              [36m<div>[39m
                [36m<dt>[39m
                  [0mDocker 版本[0m
                [36m</dt>[39m
                [36m<dd>[39m
                  [0munit-version[0m
                [36m</dd>[39m
              [36m</div>[39m
            [36m</dl>[39m
            [36m<details>[39m
              [36m<summary>[39m
                [0m网卡、GPU 与观测时间[0m
              [36m</summary>[39m
              [36m<dl>[39m
                [36m<dt>[39m
                  [0m本机网卡名称[0m
                [36m</dt>[39m
                [36m<dd>[39m
                  [0mlo0[0m
                [36m</dd>[39m
                [36m<dt>[39m
                  [0mGPU 观测[0m
                [36m</dt>[39m
                [36m<dd>[39m
                  [0m未知[0m
                  [0m · 当前 CPU 测试不需要 GPU[0m
                [36m</dd>[39m
                [36m<dt>[39m
                  [0m观测时间[0m
                [36m</dt>[39m
                [36m<dd>[39m
                  [0m2026-10-06T08:00:00Z[0m
                [36m</dd>[39m
              [36m</dl>[39m
            [36m</details>[39m
          [36m</div>[39m
          [36m<div[39m
            [33mclass[39m=[32m"check-details"[39m
          [36m>[39m
            [36m<article>[39m
              [36m<div[39m
                [33mclass[39m=[32m"section-row"[39m
              [36m>[39m
                [36m<strong>[39m
                  [0mDOCKER_RUNTIME[0m
                [36m</strong>[39m
                [36m<span[39m
                  [33mclass[39m=[32m"tiny-status status-pass"[39m
                [36m>[39m
                  [0mPASS[0m
                [36m</span>[39m
              [36m</div>[39m
              [36m<p>[39m
                [0mLinux aarch64 Docker 只读观测[0m
              [36m</p>[39m
              [36m<p[39m
                [33mclass[39m=[32m"muted"[39m
              [36m>[39m
                [0m下一步：[0m
                [0m审阅真实软件计划[0m
              [36m</p>[39m
              [36m<details>[39m
                [36m<summary>[39m
                  [0m检测证据 · [0m
                  [0mlocal_probe[0m
                [36m</summary>[39m
                [36m<pre>[39m
                  [0m{
  "runtime": "linux"
}[0m
                [36m</pre>[39m
                [36m<small>[39m
                  [0m观测时间：[0m
                  [0m2026-10-06T08:00:00Z[0m
                [36m</small>[39m
              [36m</details>[39m
            [36m</article>[39m
          [36m</div>[39m
          [36m<div[39m
            [33mclass[39m=[32m"notice neutral"[39m
          [36m>[39m
            [0mMac 本机系统与 Docker 中的 Linux 执行环境分开记录；缺少 Docker、权限或正确架构时，真实软件计划会被阻塞。[0m
          [36m</div>[39m
          [36m<div[39m
            [33mclass[39m=[32m"page-actions"[39m
          [36m>[39m
            [36m<button[39m
              [33mclass[39m=[32m"secondary"[39m
              [33mtype[39m=[32m"button"[39m
            [36m>[39m
              [0m重新检测电脑[0m
            [36m</button>[39m
            [36m<button[39m
              [33mclass[39m=[32m"primary"[39m
              [33mtype[39m=[32m"button"[39m
            [36m>[39m
              [0m下一步：部署预览 [0m
              [36m<span[39m
                [33maria-hidden[39m=[32m"true"[39m
              [36m>[39m
                [0m→[0m
              [36m</span>[39m
            [36m</button>[39m
          [36m</div>[39m
        [36m</main>[39m
        [36m<aside[39m
          [33maria-label[39m=[32m"状态与证据"[39m
          [33mclass[39m=[32m"evidence-panel"[39m
        [36m>[39m
          [36m<div[39m
            [33mclass[39m=[32m"aside-heading"[39m
          [36m>[39m
            [36m<span[39m
              [33mclass[39m=[32m"eyebrow"[39m
            [36m>[39m
              [0mSTATUS & EVIDENCE[0m
            [36m</span>[39m
            [36m<h2>[39m
              [0m每一步，都有依据[0m
            [36m</h2>[39m
          [36m</div>[39m
          [36m<div[39m
            [33mclass[39m=[32m"scope-card"[39m
          [36m>[39m
            [36m<span[39m
              [33mclass[39m=[32m"tag software-tag"[39m
            [36m>[39m
              [0m软件测试[0m
            [36m</span>[39m
            [36m<p>[39m
              [0m计划验证范围[0m
            [36m</p>[39m
            [36m<strong[39m
              [33mdata-testid[39m=[32m"verified-scope"[39m
            [36m>[39m
              [0msoftware / 待验证[0m
            [36m</strong>[39m
            [36m<small>[39m
              [0m仅检查 Docker/ROS 软件服务，不代表 D1 驱动、数据或运动已验证。[0m
            [36m</small>[39m
          [36m</div>[39m
          [36m<section[39m
            [33mclass[39m=[32m"evidence-section"[39m
          [36m>[39m
            [36m<div[39m
              [33mclass[39m=[32m"section-row"[39m
            [36m>[39m
              [36m<h3>[39m
                [0m真机遥测[0m
              [36m</h3>[39m
              [36m<span[39m
                [33mclass[39m=[32m"tag unknown-tag"[39m
                [33mdata-testid[39m=[32m"telemetry-state"[39m
              [36m>[39m
                [0mUNKNOWN[0m
              [36m</span>[39m
            [36m</div>[39m
            [36m<div[39m
              [33mclass[39m=[32m"telemetry-grid"[39m
            [36m>[39m
              [36m<div>[39m
                [36m<span>[39m
                  [0m电量[0m
                [36m</span>[39m
                [36m<strong[39m
                  [33mdata-testid[39m=[32m"battery-value"[39m
                [36m>[39m
                  [0m未知 [0m
                  [36m<small>[39m
                    [0mnull[0m
                  [36m</small>[39m
                [36m</strong>[39m
              [36m</div>[39m
              [36m<div>[39m
                [36m<span>[39m
                  [0m姿态[0m
                [36m</span>[39m
                [36m<strong[39m
                  [33mdata-testid[39m=[32m"pose-value"[39m
                [36m>[39m
                  [0m未知 [0m
                  [36m<small>[39m
                    [0mnull[0m
                  [36m</small>[39m
                [36m</strong>[39m
              [36m</div>[39m
            [36m</div>[39m
            [36m<p[39m
              [33mclass[39m=[32m"muted"[39m
            [36m>[39m
              [0m未连接机器人。缺失观测保持 null，不判断为正常。[0m
            [36m</p>[39m
            [36m<button[39m
              [33mclass[39m=[32m"motion-disabled"[39m
              [33mdisabled[39m=[32m""[39m
              [33mtype[39m=[32m"button"[39m
            [36m>[39m
              [0m运动控制未启用[0m
            [36m</button>[39m
          [36m</section>[39m
          [36m<section[39m
            [33mclass[39m=[32m"evidence-section"[39m
          [36m>[39m
            [36m<div[39m
              [33mclass[39m=[32m"section-row"[39m
            [36m>[39m
              [36m<h3>[39m
                [0m电脑检测[0m
              [36m</h3>[39m
              [36m<span[39m
                [33mclass[39m=[32m"tag neutral-tag"[39m
              [36m>[39m
                [0m真实只读[0m
              [36m</span>[39m
            [36m</div>[39m
            [36m<p[39m
              [33mclass[39m=[32m"muted"[39m
            [36m>[39m
              [0m来源：local_probe · 后端本机观测[0m
            [36m</p>[39m
            [36m<ul[39m
              [33mclass[39m=[32m"evidence-checks"[39m
            [36m>[39m
              [36m<li>[39m
                [36m<span[39m
                  [33mclass[39m=[32m"tiny-status status-pass"[39m
                [36m>[39m
                  [0mPASS[0m
                [36m</span>[39m
                [36m<span>[39m
                  [0mLinux aarch64 Docker 只读观测[0m
                [36m</span>[39m
              [36m</li>[39m
            [36m</ul>[39m
          [36m</section>[39m
          [36m<div[39m
            [33mclass[39m=[32m"boundary-note"[39m
          [36m>[39m
            [36m<span[39m
              [33maria-hidden[39m=[32m"true"[39m
            [36m>[39m
              [0m↳[0m
            [36m</span>[39m
            [36m<p>[39m
              [0m真实 CPU ROS 软件测试[0m
              [36m<br />[39m
              [36m<small>[39m
                [0m未接 SDK、未接真机、无运动指令[0m
              [36m</small>[39m
            [36m</p>[39m
          [36m</div>[39m
        [36m</aside>[39m
      [36m</div>[39m
      [36m<footer[39m
        [33mclass[39m=[32m"app-footer"[39m
      [36m>[39m
        [36m<span>[39m
          [0mD1Env / Foundation[0m
        [36m</span>[39m
        [36m<span>[39m
          [0m依据可查 · 范围明确 · 默认只读[0m
        [36m</span>[39m
        [36m<span>[39m
          [0m软件检查 ≠ D1 真机验证[0m
        [36m</span>[39m
      [36m</footer>[39m
    [36m</div>[39m
  [36m</div>[39m
[36m</body>[39m

Ignored nodes: comments, script, style
[36m<body>[39m
  [36m<div>[39m
    [36m<div[39m
      [33mclass[39m=[32m"app-shell"[39m
    [36m>[39m
      [36m<header[39m
        [33mclass[39m=[32m"app-header"[39m
      [36m>[39m
        [36m<a[39m
          [33maria-label[39m=[32m"D1Env 首页"[39m
          [33mclass[39m=[32m"brand"[39m
          [33mhref[39m=[32m"/"[39m
        [36m>[39m
          [36m<span[39m
            [33maria-hidden[39m=[32m"true"[39m
            [33mclass[39m=[32m"brand-mark"[39m
          [36m>[39m
            [0mD1[0m
          [36m</span>[39m
          [36m<span>[39m
            [0mD1Env[0m
            [36m<small>[39m
              [0m机器人环境工作台[0m
            [36m</small>[39m
          [36m</span>[39m
        [36m</a>[39m
        [36m<div[39m
          [33mclass[39m=[32m"header-right"[39m
        [36m>[39m
          [36m<span[39m
            [33mclass[39m=[32m"local-label"[39m
          [36m>[39m
            [36m<i />[39m
            [0m 本地工作台[0m
          [36m</span>[39m
          [36m<span[39m
            [33mclass[39m=[32m"release-tag"[39m
          [36m>[39m
            [0mM3 · 软件部署与检查[0m
          [36m</span>[39m
        [36m</div>[39m
      [36m</header>[39m
      [36m<div[39m
        [33mclass[39m=[32m"mock-banner software-banner"[39m
        [33mdata-testid[39m=[32m"mode-watermark"[39m
      [36m>[39m
        [36m<span>[39m
          [0m真实软件测试 · Docker/ROS[0m
        [36m</span>[39m
        [36m<p>[39m
          [0m仅验证 CPU ROS 软件通信，未连接真机，未验证 D1 功能。[0m
        [36m</p>[39m
        [36m<strong>[39m
          [0m运动权限：未启用[0m
        [36m</strong>[39m
      [36m</div>[39m
      [36m<div[39m
        [33mclass[39m=[32m"workspace-title"[39m
      [36m>[39m
        [36m<div>[39m
          [36m<span[39m
            [33mclass[39m=[32m"eyebrow"[39m
          [36m>[39m
            [0mD1 ENVIRONMENT / FOUNDATION[0m
          [36m</span>[39m
          [36m<h2>[39m
            [0m把每一步，部署得明白。[0m
          [36m</h2>[39m
        [36m</div>[39m
        [36m<span[39m
          [33mclass[39m=[32m"workspace-version"[39m
        [36m>[39m
          [0m中文向导 [0m
          [36m<b>[39m
            [0m01[0m
          [36m</b>[39m
        [36m</span>[39m
      [36m</div>[39m
      [36m<nav[39m
        [33maria-label[39m=[32m"部署向导步骤"[39m
        [33mclass[39m=[32m"wizard-steps"[39m
      [36m>[39m
        [36m<button[39m
          [33maria-label[39m=[32m"1 使用方式"[39m
          [33mtype[39m=[32m"button"[39m
        [36m>[39m
          [36m<span[39m
            [33mclass[39m=[32m"step-number"[39m
          [36m>[39m
            [0m01[0m
          [36m</span>[39m
          [36m<span>[39m
            [0m使用方式[0m
          [36m</span>[39m
        [36m</button>[39m
        [36m<button[39m
          [33maria-label[39m=[32m"2 机器人配置"[39m
          [33mtype[39m=[32m"button"[39m
        [36m>[39m
          [36m<span[39m
            [33mclass[39m=[32m"step-number"[39m
          [36m>[39m
            [0m02[0m
          [36m</span>[39m
          [36m<span>[39m
            [0m机器人配置[0m
          [36m</span>[39m
        [36m</button>[39m
        [36m<button[39m
          [33maria-current[39m=[32m"step"[39m
          [33maria-label[39m=[32m"3 执行电脑"[39m
          [33mtype[39m=[32m"button"[39m
        [36m>[39m
          [36m<span[39m
            [33mclass[39m=[32m"step-number"[39m
          [36m>[39m
            [0m03[0m
          [36m</span>[39m
          [36m<span>[39m
            [0m执行电脑[0m
          [36m</span>[39m
        [36m</button>[39m
        [36m<button[39m
          [33maria-label[39m=[32m"4 部署预览"[39m
          [33mtype[39m=[32m"button"[39m
        [36m>[39m
          [36m<span[39m
            [33mclass[39m=[32m"step-number"[39m
          [36m>[39m
            [0m04[0m
          [36m</span>[39m
          [36m<span>[39m
            [0m部署预览[0m
          [36m</span>[39m
        [36m</button>[39m
        [36m<button[39m
          [33maria-label[39m=[32m"5 运行与结果"[39m
          [33mtype[39m=[32m"button"[39m
        [36m>[39m
          [36m<span[39m
            [33mclass[39m=[32m"step-number"[39m
          [36m>[39m
            [0m05[0m
          [36m</span>[39m
          [36m<span>[39m
            [0m运行与结果[0m
          [36m</span>[39m
        [36m</button>[39m
      [36m</nav>[39m
      [36m<div[39m
        [33mclass[39m=[32m"workspace-grid"[39m
      [36m>[39m
        [36m<main[39m
          [33mclass[39m=[32m"main-panel"[39m
        [36m>[39m
          [36m<div[39m
            [33mclass[39m=[32m"page-heading"[39m
          [36m>[39m
            [36m<span[39m
              [33mclass[39m=[32m"eyebrow"[39m
            [36m>[39m
              [0m03 / 只读检查[0m
            [36m</span>[39m
            [36m<h1>[39m
              [0m先了解执行电脑。[0m
            [36m</h1>[39m
            [36m<p>[39m
              [0m检测来自本地后端所在的电脑，浏览器访问端与执行端明确区分。不会安装或修改配置。[0m
            [36m</p>[39m
          [36m</div>[39m
          [36m<div[39m
            [33mclass[39m=[32m"host-card"[39m
          [36m>[39m
            [36m<div[39m
              [33mclass[39m=[32m"host-title"[39m
            [36m>[39m
              [36m<span[39m
                [33maria-hidden[39m=[32m"true"[39m
                [33mclass[39m=[32m"computer-icon"[39m
              [36m>[39m
                [0m▣[0m
              [36m</span>[39m
              [36m<div>[39m
                [36m<h2>[39m
                  [0m本地执行电脑[0m
                [36m</h2>[39m
                [36m<p>[39m
                  [0m目标 local · 后端本机[0m
                [36m</p>[39m
              [36m</div>[39m
              [36m<span[39m
                [33mclass[39m=[32m"tag neutral-tag"[39m
              [36m>[39m
                [0m检测已返回[0m
              [36m</span>[39m
            [36m</div>[39m
            [36m<dl[39m
              [33mclass[39m=[32m"host-facts"[39m
            [36m>[39m
              [36m<div>[39m
                [36m<dt>[39m
                  [0m操作系统[0m
                [36m</dt>[39m
                [36m<dd>[39m
                  [0mDarwin 26.0[0m
                [36m</dd>[39m
              [36m</div>[39m
              [36m<div>[39m
                [36m<dt>[39m
                  [0mCPU 架构[0m
                [36m</dt>[39m
                [36m<dd>[39m
                  [0maarch64[0m
                [36m</dd>[39m
              [36m</div>[39m
              [36m<div>[39m
                [36m<dt>[39m
                  [0m可用磁盘[0m
                [36m</dt>[39m
                [36m<dd>[39m
                  [0m18.6 GB[0m
                [36m</dd>[39m
              [36m</div>[39m
              [36m<div>[39m
                [36m<dt>[39m
                  [0mDocker[0m
                [36m</dt>[39m
                [36m<dd>[39m
                  [0m已检测到[0m
                [36m</dd>[39m
              [36m</div>[39m
              [36m<div>[39m
                [36m<dt>[39m
                  [0mDocker 访问[0m
                [36m</dt>[39m
                [36m<dd>[39m
                  [0m已检测到[0m
                [36m</dd>[39m
              [36m</div>[39m
              [36m<div>[39m
                [36m<dt>[39m
                  [0mCompose[0m
                [36m</dt>[39m
                [36m<dd>[39m
                  [0m已检测到[0m
                [36m</dd>[39m
              [36m</div>[39m
            [36m</dl>[39m
            [36m<p[39m
              [33mclass[39m=[32m"muted"[39m
            [36m>[39m
              [0m浏览器访问端：当前浏览器；其系统信息不参与后端兼容判定。[0m
            [36m</p>[39m
            [36m<dl[39m
              [33mclass[39m=[32m"host-facts"[39m
            [36m>[39m
              [36m<div>[39m
                [36m<dt>[39m
                  [0mDocker 执行环境[0m
                [36m</dt>[39m
                [36m<dd>[39m
                  [0mlinux[0m
                [36m</dd>[39m
              [36m</div>[39m
              [36m<div>[39m
                [36m<dt>[39m
                  [0mDocker CPU 架构[0m
                [36m</dt>[39m
                [36m<dd>[39m
                  [0maarch64[0m
                [36m</dd>[39m
              [36m</div>[39m
              [36m<div>[39m
                [36m<dt>[39m
                  [0mDocker 版本[0m
                [36m</dt>[39m
                [36m<dd>[39m
                  [0munit-version[0m
                [36m</dd>[39m
              [36m</div>[39m
            [36m</dl>[39m
            [36m<details>[39m
              [36m<summary>[39m
                [0m网卡、GPU 与观测时间[0m
              [36m</summary>[39m
              [36m<dl>[39m
                [36m<dt>[39m
                  [0m本机网卡名称[0m
                [36m</dt>[39m
                [36m<dd>[39m
                  [0mlo0[0m
                [36m</dd>[39m
                [36m<dt>[39m
                  [0mGPU 观测[0m
                [36m</dt>[39m
                [36m<dd>[39m
                  [0m未知[0m
                  [0m · 当前 CPU 测试不需要 GPU[0m
                [36m</dd>[39m
                [36m<dt>[39m
                  [0m观测时间[0m
                [36m</dt>[39m
                [36m<dd>[39m
                  [0m2026-10-06T08:00:00Z[0m
                [36m</dd>[39m
              [36m</dl>[39m
            [36m</details>[39m
          [36m</div>[39m
          [36m<div[39m
            [33mclass[39m=[32m"check-details"[39m
          [36m>[39m
            [36m<article>[39m
              [36m<div[39m
                [33mclass[39m=[32m"section-row"[39m
              [36m>[39m
                [36m<strong>[39m
                  [0mDOCKER_RUNTIME[0m
                [36m</strong>[39m
                [36m<span[39m
                  [33mclass[39m=[32m"tiny-status status-pass"[39m
                [36m>[39m
                  [0mPASS[0m
                [36m</span>[39m
              [36m</div>[39m
              [36m<p>[39m
                [0mLinux aarch64 Docker 只读观测[0m
              [36m</p>[39m
              [36m<p[39m
                [33mclass[39m=[32m"muted"[39m
              [36m>[39m
                [0m下一步：[0m
                [0m审阅真实软件计划[0m
              [36m</p>[39m
              [36m<details>[39m
                [36m<summary>[39m
                  [0m检测证据 · [0m
                  [0mlocal_probe[0m
                [36m</summary>[39m
                [36m<pre>[39m
                  [0m{
  "runtime": "linux"
}[0m
                [36m</pre>[39m
                [36m<small>[39m
                  [0m观测时间：[0m
                  [0m2026-10-06T08:00:00Z[0m
                [36m</small>[39m
              [36m</details>[39m
            [36m</article>[39m
          [36m</div>[39m
          [36m<div[39m
            [33mclass[39m=[32m"notice neutral"[39m
          [36m>[39m
            [0mMac 本机系统与 Docker 中的 Linux 执行环境分开记录；缺少 Docker、权限或正确架构时，真实软件计划会被阻塞。[0m
          [36m</div>[39m
          [36m<div[39m
            [33mclass[39m=[32m"page-actions"[39m
          [36m>[39m
            [36m<button[39m
              [33mclass[39m=[32m"secondary"[39m
              [33mtype[39m=[32m"button"[39m
            [36m>[39m
              [0m重新检测电脑[0m
            [36m</button>[39m
            [36m<button[39m
              [33mclass[39m=[32m"primary"[39m
              [33mtype[39m=[32m"button"[39m
            [36m>[39m
              [0m下一步：部署预览 [0m
              [36m<span[39m
                [33maria-hidden[39m=[32m"true"[39m
              [36m>[39m
                [0m→[0m
              [36m</span>[39m
            [36m</button>[39m
          [36m</div>[39m
        [36m</main>[39m
        [36m<aside[39m
          [33maria-label[39m=[32m"状态与证据"[39m
          [33mclass[39m=[32m"evidence-panel"[39m
        [36m>[39m
          [36m<div[39m
            [33mclass[39m=[32m"aside-heading"[39m
          [36m>[39m
            [36m<span[39m
              [33mclass[39m=[32m"eyebrow"[39m
            [36m>[39m
              [0mSTATUS & EVIDENCE[0m
            [36m</span>[39m
            [36m<h2>[39m
              [0m每一步，都有依据[0m
            [36m</h2>[39m
          [36m</div>[39m
          [36m<div[39m
            [33mclass[39m=[32m"scope-card"[39m
          [36m>[39m
            [36m<span[39m
              [33mclass[39m=[32m"tag software-tag"[39m
            [36m>[39m
              [0m软件测试[0m
            [36m</span>[39m
            [36m<p>[39m
              [0m计划验证范围[0m
            [36m</p>[39m
            [36m<strong[39m
              [33mdata-testid[39m=[32m"verified-scope"[39m
            [36m>[39m
              [0msoftware / 待验证[0m
            [36m</strong>[39m
            [36m<small>[39m
              [0m仅检查 Docker/ROS 软件服务，不代表 D1 驱动、数据或运动已验证。[0m
            [36m</small>[39m
          [36m</div>[39m
          [36m<section[39m
            [33mclass[39m=[32m"evidence-section"[39m
          [36m>[39m
            [36m<div[39m
              [33mclass[39m=[32m"section-row"[39m
            [36m>[39m
              [36m<h3>[39m
                [0m真机遥测[0m
              [36m</h3>[39m
              [36m<span[39m
                [33mclass[39m=[32m"tag unknown-tag"[39m
                [33mdata-testid[39m=[32m"telemetry-state"[39m
              [36m>[39m
                [0mUNKNOWN[0m
              [36m</span>[39m
            [36m</div>[39m
            [36m<div[39m
              [33mclass[39m=[32m"telemetry-grid"[39m
            [36m>[39m
              [36m<div>[39m
                [36m<span>[39m
                  [0m电量[0m
                [36m</span>[39m
                [36m<strong[39m
                  [33mdata-testid[39m=[32m"battery-value"[39m
                [36m>[39m
                  [0m未知 [0m
                  [36m<small>[39m
                    [0mnull[0m
                  [36m</small>[39m
                [36m</strong>[39m
              [36m</div>[39m
              [36m<div>[39m
                [36m<span>[39m
                  [0m姿态[0m
                [36m</span>[39m
                [36m<strong[39m
                  [33mdata-testid[39m=[32m"pose-value"[39m
                [36m>[39m
                  [0m未知 [0m
                  [36m<small>[39m
                    [0mnull[0m
                  [36m</small>[39m
                [36m</strong>[39m
              [36m</div>[39m
            [36m</div>[39m
            [36m<p[39m
              [33mclass[39m=[32m"muted"[39m
            [36m>[39m
              [0m未连接机器人。缺失观测保持 null，不判断为正常。[0m
            [36m</p>[39m
            [36m<button[39m
              [33mclass[39m=[32m"motion-disabled"[39m
              [33mdisabled[39m=[32m""[39m
              [33mtype[39m=[32m"button"[39m
            [36m>[39m
              [0m运动控制未启用[0m
            [36m</button>[39m
          [36m</section>[39m
          [36m<section[39m
            [33mclass[39m=[32m"evidence-section"[39m
          [36m>[39m
            [36m<div[39m
              [33mclass[39m=[32m"section-row"[39m
            [36m>[39m
              [36m<h3>[39m
                [0m电脑检测[0m
              [36m</h3>[39m
              [36m<span[39m
                [33mclass[39m=[32m"tag neutral-tag"[39m
              [36m>[39m
                [0m真实只读[0m
              [36m</span>[39m
            [36m</div>[39m
            [36m<p[39m
              [33mclass[39m=[32m"muted"[39m
            [36m>[39m
              [0m来源：local_probe · 后端本机观测[0m
            [36m</p>[39m
            [36m<ul[39m
              [33mclass[39m=[32m"evidence-checks"[39m
            [36m>[39m
              [36m<li>[39m
                [36m<span[39m
                  [33mclass[39m=[32m"tiny-status status-pass"[39m
                [36m>[39m
                  [0mPASS[0m
                [36m</span>[39m
                [36m<span>[39m
                  [0mLinux aarch64 Docker 只读观测[0m
                [36m</span>[39m
              [36m</li>[39m
            [36m</ul>[39m
          [36m</section>[39m
          [36m<div[39m
            [33mclass[39m=[32m"boundary-note"[39m
          [36m>[39m
            [36m<span[39m
              [33maria-hidden[39m=[32m"true"[39m
            [36m>[39m
              [0m↳[0m
            [36m</span>[39m
            [36m<p>[39m
              [0m真实 CPU ROS 软件测试[0m
              [36m<br />[39m
              [36m<small>[39m
                [0m未接 SDK、未接真机、无运动指令[0m
              [36m</small>[39m
            [36m</p>[39m
          [36m</div>[39m
        [36m</aside>[39m
      [36m</div>[39m
      [36m<footer[39m
        [33mclass[39m=[32m"app-footer"[39m
      [36m>[39m
        [36m<span>[39m
          [0mD1Env / Foundation[0m
        [36m</span>[39m
        [36m<span>[39m
          [0m依据可查 · 范围明确 · 默认只读[0m
        [36m</span>[39m
        [36m<span>[39m
          [0m软件检查 ≠ D1 真机验证[0m
        [36m</span>[39m
      [36m</footer>[39m
    [36m</div>[39m
  [36m</div>[39m
[36m</body>[39m
 ❯ waitForWrapper node_modules/@testing-library/dom/dist/wait-for.js:163:27
 ❯ node_modules/@testing-library/dom/dist/query-helpers.js:86:33
 ❯ tests/unit/SoftwareApp.test.tsx:173:33
    171|   it('随包镜像导入只提交原始文件并携带 CSRF，成功仅表示软件镜像已导入', async () => {
    172|     const user = await softwareHost();
    173|     const button = await screen.findByRole('button', { name: '导入随发行包提供…
       |                                 ^
    174|     expect(button).toBeDisabled();
    175|     const file = new File(['data'], trustedBundle.filename, { type: 'a…

⎯⎯⎯⎯⎯⎯⎯⎯⎯⎯⎯⎯⎯⎯⎯⎯⎯⎯⎯⎯⎯⎯⎯⎯[1/4]⎯

 FAIL  tests/unit/SoftwareApp.test.tsx > M3 软件模式的真实范围与生命周期 > 没有受信发行元数据时文件选择和导入均禁用并说明原因
TestingLibraryElementError: Unable to find an element with the text: 缺少匹配的发行元数据，不能导入任意镜像. This could be because the text is broken up by multiple elements. In this case, you can provide a function for your text matcher to make your matcher more flexible.

Ignored nodes: comments, script, style
[36m<body>[39m
  [36m<div>[39m
    [36m<div[39m
      [33mclass[39m=[32m"app-shell"[39m
    [36m>[39m
      [36m<header[39m
        [33mclass[39m=[32m"app-header"[39m
      [36m>[39m
        [36m<a[39m
          [33maria-label[39m=[32m"D1Env 首页"[39m
          [33mclass[39m=[32m"brand"[39m
          [33mhref[39m=[32m"/"[39m
        [36m>[39m
          [36m<span[39m
            [33maria-hidden[39m=[32m"true"[39m
            [33mclass[39m=[32m"brand-mark"[39m
          [36m>[39m
            [0mD1[0m
          [36m</span>[39m
          [36m<span>[39m
            [0mD1Env[0m
            [36m<small>[39m
              [0m机器人环境工作台[0m
            [36m</small>[39m
          [36m</span>[39m
        [36m</a>[39m
        [36m<div[39m
          [33mclass[39m=[32m"header-right"[39m
        [36m>[39m
          [36m<span[39m
            [33mclass[39m=[32m"local-label"[39m
          [36m>[39m
            [36m<i />[39m
            [0m 本地工作台[0m
          [36m</span>[39m
          [36m<span[39m
            [33mclass[39m=[32m"release-tag"[39m
          [36m>[39m
            [0mM3 · 软件部署与检查[0m
          [36m</span>[39m
        [36m</div>[39m
      [36m</header>[39m
      [36m<div[39m
        [33mclass[39m=[32m"mock-banner software-banner"[39m
        [33mdata-testid[39m=[32m"mode-watermark"[39m
      [36m>[39m
        [36m<span>[39m
          [0m真实软件测试 · Docker/ROS[0m
        [36m</span>[39m
        [36m<p>[39m
          [0m仅验证 CPU ROS 软件通信，未连接真机，未验证 D1 功能。[0m
        [36m</p>[39m
        [36m<strong>[39m
          [0m运动权限：未启用[0m
        [36m</strong>[39m
      [36m</div>[39m
      [36m<div[39m
        [33mclass[39m=[32m"workspace-title"[39m
      [36m>[39m
        [36m<div>[39m
          [36m<span[39m
            [33mclass[39m=[32m"eyebrow"[39m
          [36m>[39m
            [0mD1 ENVIRONMENT / FOUNDATION[0m
          [36m</span>[39m
          [36m<h2>[39m
            [0m把每一步，部署得明白。[0m
          [36m</h2>[39m
        [36m</div>[39m
        [36m<span[39m
          [33mclass[39m=[32m"workspace-version"[39m
        [36m>[39m
          [0m中文向导 [0m
          [36m<b>[39m
            [0m01[0m
          [36m</b>[39m
        [36m</span>[39m
      [36m</div>[39m
      [36m<nav[39m
        [33maria-label[39m=[32m"部署向导步骤"[39m
        [33mclass[39m=[32m"wizard-steps"[39m
      [36m>[39m
        [36m<button[39m
          [33maria-label[39m=[32m"1 使用方式"[39m
          [33mtype[39m=[32m"button"[39m
        [36m>[39m
          [36m<span[39m
            [33mclass[39m=[32m"step-number"[39m
          [36m>[39m
            [0m01[0m
          [36m</span>[39m
          [36m<span>[39m
            [0m使用方式[0m
          [36m</span>[39m
        [36m</button>[39m
        [36m<button[39m
          [33maria-label[39m=[32m"2 机器人配置"[39m
          [33mtype[39m=[32m"button"[39m
        [36m>[39m
          [36m<span[39m
            [33mclass[39m=[32m"step-number"[39m
          [36m>[39m
            [0m02[0m
          [36m</span>[39m
          [36m<span>[39m
            [0m机器人配置[0m
          [36m</span>[39m
        [36m</button>[39m
        [36m<button[39m
          [33maria-current[39m=[32m"step"[39m
          [33maria-label[39m=[32m"3 执行电脑"[39m
          [33mtype[39m=[32m"button"[39m
        [36m>[39m
          [36m<span[39m
            [33mclass[39m=[32m"step-number"[39m
          [36m>[39m
            [0m03[0m
          [36m</span>[39m
          [36m<span>[39m
            [0m执行电脑[0m
          [36m</span>[39m
        [36m</button>[39m
        [36m<button[39m
          [33maria-label[39m=[32m"4 部署预览"[39m
          [33mtype[39m=[32m"button"[39m
        [36m>[39m
          [36m<span[39m
            [33mclass[39m=[32m"step-number"[39m
          [36m>[39m
            [0m04[0m
          [36m</span>[39m
          [36m<span>[39m
            [0m部署预览[0m
          [36m</span>[39m
        [36m</button>[39m
        [36m<button[39m
          [33maria-label[39m=[32m"5 运行与结果"[39m
          [33mtype[39m=[32m"button"[39m
        [36m>[39m
          [36m<span[39m
            [33mclass[39m=[32m"step-number"[39m
          [36m>[39m
            [0m05[0m
          [36m</span>[39m
          [36m<span>[39m
            [0m运行与结果[0m
          [36m</span>[39m
        [36m</button>[39m
      [36m</nav>[39m
      [36m<div[39m
        [33mclass[39m=[32m"workspace-grid"[39m
      [36m>[39m
        [36m<main[39m
          [33mclass[39m=[32m"main-panel"[39m
        [36m>[39m
          [36m<div[39m
            [33mclass[39m=[32m"page-heading"[39m
          [36m>[39m
            [36m<span[39m
              [33mclass[39m=[32m"eyebrow"[39m
            [36m>[39m
              [0m03 / 只读检查[0m
            [36m</span>[39m
            [36m<h1>[39m
              [0m先了解执行电脑。[0m
            [36m</h1>[39m
            [36m<p>[39m
              [0m检测来自本地后端所在的电脑，浏览器访问端与执行端明确区分。不会安装或修改配置。[0m
            [36m</p>[39m
          [36m</div>[39m
          [36m<div[39m
            [33mclass[39m=[32m"host-card"[39m
          [36m>[39m
            [36m<div[39m
              [33mclass[39m=[32m"host-title"[39m
            [36m>[39m
              [36m<span[39m
                [33maria-hidden[39m=[32m"true"[39m
                [33mclass[39m=[32m"computer-icon"[39m
              [36m>[39m
                [0m▣[0m
              [36m</span>[39m
              [36m<div>[39m
                [36m<h2>[39m
                  [0m本地执行电脑[0m
                [36m</h2>[39m
                [36m<p>[39m
                  [0m目标 local · 后端本机[0m
                [36m</p>[39m
              [36m</div>[39m
              [36m<span[39m
                [33mclass[39m=[32m"tag neutral-tag"[39m
              [36m>[39m
                [0m检测已返回[0m
              [36m</span>[39m
            [36m</div>[39m
            [36m<dl[39m
              [33mclass[39m=[32m"host-facts"[39m
            [36m>[39m
              [36m<div>[39m
                [36m<dt>[39m
                  [0m操作系统[0m
                [36m</dt>[39m
                [36m<dd>[39m
                  [0mDarwin 26.0[0m
                [36m</dd>[39m
              [36m</div>[39m
              [36m<div>[39m
                [36m<dt>[39m
                  [0mCPU 架构[0m
                [36m</dt>[39m
                [36m<dd>[39m
                  [0maarch64[0m
                [36m</dd>[39m
              [36m</div>[39m
              [36m<div>[39m
                [36m<dt>[39m
                  [0m可用磁盘[0m
                [36m</dt>[39m
                [36m<dd>[39m
                  [0m18.6 GB[0m
                [36m</dd>[39m
              [36m</div>[39m
              [36m<div>[39m
                [36m<dt>[39m
                  [0mDocker[0m
                [36m</dt>[39m
                [36m<dd>[39m
                  [0m已检测到[0m
                [36m</dd>[39m
              [36m</div>[39m
              [36m<div>[39m
                [36m<dt>[39m
                  [0mDocker 访问[0m
                [36m</dt>[39m
                [36m<dd>[39m
                  [0m已检测到[0m
                [36m</dd>[39m
              [36m</div>[39m
              [36m<div>[39m
                [36m<dt>[39m
                  [0mCompose[0m
                [36m</dt>[39m
                [36m<dd>[39m
                  [0m已检测到[0m
                [36m</dd>[39m
              [36m</div>[39m
            [36m</dl>[39m
            [36m<p[39m
              [33mclass[39m=[32m"muted"[39m
            [36m>[39m
              [0m浏览器访问端：当前浏览器；其系统信息不参与后端兼容判定。[0m
            [36m</p>[39m
            [36m<dl[39m
              [33mclass[39m=[32m"host-facts"[39m
            [36m>[39m
              [36m<div>[39m
                [36m<dt>[39m
                  [0mDocker 执行环境[0m
                [36m</dt>[39m
                [36m<dd>[39m
                  [0mlinux[0m
                [36m</dd>[39m
              [36m</div>[39m
              [36m<div>[39m
                [36m<dt>[39m
                  [0mDocker CPU 架构[0m
                [36m</dt>[39m
                [36m<dd>[39m
                  [0maarch64[0m
                [36m</dd>[39m
              [36m</div>[39m
              [36m<div>[39m
                [36m<dt>[39m
                  [0mDocker 版本[0m
                [36m</dt>[39m
                [36m<dd>[39m
                  [0munit-version[0m
                [36m</dd>[39m
              [36m</div>[39m
            [36m</dl>[39m
            [36m<details>[39m
              [36m<summary>[39m
                [0m网卡、GPU 与观测时间[0m
              [36m</summary>[39m
              [36m<dl>[39m
                [36m<dt>[39m
                  [0m本机网卡名称[0m
                [36m</dt>[39m
                [36m<dd>[39m
                  [0mlo0[0m
                [36m</dd>[39m
                [36m<dt>[39m
                  [0mGPU 观测[0m
                [36m</dt>[39m
                [36m<dd>[39m
                  [0m未知[0m
                  [0m · 当前 CPU 测试不需要 GPU[0m
                [36m</dd>[39m
                [36m<dt>[39m
                  [0m观测时间[0m
                [36m</dt>[39m
                [36m<dd>[39m
                  [0m2026-10-06T08:00:00Z[0m
                [36m</dd>[39m
              [36m</dl>[39m
            [36m</details>[39m
          [36m</div>[39m
          [36m<div[39m
            [33mclass[39m=[32m"check-details"[39m
          [36m>[39m
            [36m<article>[39m
              [36m<div[39m
                [33mclass[39m=[32m"section-row"[39m
              [36m>[39m
                [36m<strong>[39m
                  [0mDOCKER_RUNTIME[0m
                [36m</strong>[39m
                [36m<span[39m
                  [33mclass[39m=[32m"tiny-status status-pass"[39m
                [36m>[39m
                  [0mPASS[0m
                [36m</span>[39m
              [36m</div>[39m
              [36m<p>[39m
                [0mLinux aarch64 Docker 只读观测[0m
              [36m</p>[39m
              [36m<p[39m
                [33mclass[39m=[32m"muted"[39m
              [36m>[39m
                [0m下一步：[0m
                [0m审阅真实软件计划[0m
              [36m</p>[39m
              [36m<details>[39m
                [36m<summary>[39m
                  [0m检测证据 · [0m
                  [0mlocal_probe[0m
                [36m</summary>[39m
                [36m<pre>[39m
                  [0m{
  "runtime": "linux"
}[0m
                [36m</pre>[39m
                [36m<small>[39m
                  [0m观测时间：[0m
                  [0m2026-10-06T08:00:00Z[0m
                [36m</small>[39m
              [36m</details>[39m
            [36m</article>[39m
          [36m</div>[39m
          [36m<div[39m
            [33mclass[39m=[32m"notice neutral"[39m
          [36m>[39m
            [0mMac 本机系统与 Docker 中的 Linux 执行环境分开记录；缺少 Docker、权限或正确架构时，真实软件计划会被阻塞。[0m
          [36m</div>[39m
          [36m<div[39m
            [33mclass[39m=[32m"page-actions"[39m
          [36m>[39m
            [36m<button[39m
              [33mclass[39m=[32m"secondary"[39m
              [33mtype[39m=[32m"button"[39m
            [36m>[39m
              [0m重新检测电脑[0m
            [36m</button>[39m
            [36m<button[39m
              [33mclass[39m=[32m"primary"[39m
              [33mtype[39m=[32m"button"[39m
            [36m>[39m
              [0m下一步：部署预览 [0m
              [36m<span[39m
                [33maria-hidden[39m=[32m"true"[39m
              [36m>[39m
                [0m→[0m
              [36m</span>[39m
            [36m</button>[39m
          [36m</div>[39m
        [36m</main>[39m
        [36m<aside[39m
          [33maria-label[39m=[32m"状态与证据"[39m
          [33mclass[39m=[32m"evidence-panel"[39m
        [36m>[39m
          [36m<div[39m
            [33mclass[39m=[32m"aside-heading"[39m
          [36m>[39m
            [36m<span[39m
              [33mclass[39m=[32m"eyebrow"[39m
            [36m>[39m
              [0mSTATUS & EVIDENCE[0m
            [36m</span>[39m
            [36m<h2>[39m
              [0m每一步，都有依据[0m
            [36m</h2>[39m
          [36m</div>[39m
          [36m<div[39m
            [33mclass[39m=[32m"scope-card"[39m
          [36m>[39m
            [36m<span[39m
              [33mclass[39m=[32m"tag software-tag"[39m
            [36m>[39m
              [0m软件测试[0m
            [36m</span>[39m
            [36m<p>[39m
              [0m计划验证范围[0m
            [36m</p>[39m
            [36m<strong[39m
              [33mdata-testid[39m=[32m"verified-scope"[39m
            [36m>[39m
              [0msoftware / 待验证[0m
            [36m</strong>[39m
            [36m<small>[39m
              [0m仅检查 Docker/ROS 软件服务，不代表 D1 驱动、数据或运动已验证。[0m
            [36m</small>[39m
          [36m</div>[39m
          [36m<section[39m
            [33mclass[39m=[32m"evidence-section"[39m
          [36m>[39m
            [36m<div[39m
              [33mclass[39m=[32m"section-row"[39m
            [36m>[39m
              [36m<h3>[39m
                [0m真机遥测[0m
              [36m</h3>[39m
              [36m<span[39m
                [33mclass[39m=[32m"tag unknown-tag"[39m
                [33mdata-testid[39m=[32m"telemetry-state"[39m
              [36m>[39m
                [0mUNKNOWN[0m
              [36m</span>[39m
            [36m</div>[39m
            [36m<div[39m
              [33mclass[39m=[32m"telemetry-grid"[39m
            [36m>[39m
              [36m<div>[39m
                [36m<span>[39m
                  [0m电量[0m
                [36m</span>[39m
                [36m<strong[39m
                  [33mdata-testid[39m=[32m"battery-value"[39m
                [36m>[39m
                  [0m未知 [0m
                  [36m<small>[39m
                    [0mnull[0m
                  [36m</small>[39m
                [36m</strong>[39m
              [36m</div>[39m
              [36m<div>[39m
                [36m<span>[39m
                  [0m姿态[0m
                [36m</span>[39m
                [36m<strong[39m
                  [33mdata-testid[39m=[32m"pose-value"[39m
                [36m>[39m
                  [0m未知 [0m
                  [36m<small>[39m
                    [0mnull[0m
                  [36m</small>[39m
                [36m</strong>[39m
              [36m</div>[39m
            [36m</div>[39m
            [36m<p[39m
              [33mclass[39m=[32m"muted"[39m
            [36m>[39m
              [0m未连接机器人。缺失观测保持 null，不判断为正常。[0m
            [36m</p>[39m
            [36m<button[39m
              [33mclass[39m=[32m"motion-disabled"[39m
              [33mdisabled[39m=[32m""[39m
              [33mtype[39m=[32m"button"[39m
            [36m>[39m
              [0m运动控制未启用[0m
            [36m</button>[39m
          [36m</section>[39m
          [36m<section[39m
            [33mclass[39m=[32m"evidence-section"[39m
          [36m>[39m
            [36m<div[39m
              [33mclass[39m=[32m"section-row"[39m
            [36m>[39m
              [36m<h3>[39m
                [0m电脑检测[0m
              [36m</h3>[39m
              [36m<span[39m
                [33mclass[39m=[32m"tag neutral-tag"[39m
              [36m>[39m
                [0m真实只读[0m
              [36m</span>[39m
            [36m</div>[39m
            [36m<p[39m
              [33mclass[39m=[32m"muted"[39m
            [36m>[39m
              [0m来源：local_probe · 后端本机观测[0m
            [36m</p>[39m
            [36m<ul[39m
              [33mclass[39m=[32m"evidence-checks"[39m
            [36m>[39m
              [36m<li>[39m
                [36m<span[39m
                  [33mclass[39m=[32m"tiny-status status-pass"[39m
                [36m>[39m
                  [0mPASS[0m
                [36m</span>[39m
                [36m<span>[39m
                  [0mLinux aarch64 Docker 只读观测[0m
                [36m</span>[39m
              [36m</li>[39m
            [36m</ul>[39m
          [36m</section>[39m
          [36m<div[39m
            [33mclass[39m=[32m"boundary-note"[39m
          [36m>[39m
            [36m<span[39m
              [33maria-hidden[39m=[32m"true"[39m
            [36m>[39m
              [0m↳[0m
            [36m</span>[39m
            [36m<p>[39m
              [0m真实 CPU ROS 软件测试[0m
              [36m<br />[39m
              [36m<small>[39m
                [0m未接 SDK、未接真机、无运动指令[0m
              [36m</small>[39m
            [36m</p>[39m
          [36m</div>[39m
        [36m</aside>[39m
      [36m</div>[39m
      [36m<footer[39m
        [33mclass[39m=[32m"app-footer"[39m
      [36m>[39m
        [36m<span>[39m
          [0mD1Env / Foundation[0m
        [36m</span>[39m
        [36m<span>[39m
          [0m依据可查 · 范围明确 · 默认只读[0m
        [36m</span>[39m
        [36m<span>[39m
          [0m软件检查 ≠ D1 真机验证[0m
        [36m</span>[39m
      [36m</footer>[39m
    [36m</div>[39m
  [36m</div>[39m
[36m</body>[39m

Ignored nodes: comments, script, style
[36m<body>[39m
  [36m<div>[39m
    [36m<div[39m
      [33mclass[39m=[32m"app-shell"[39m
    [36m>[39m
      [36m<header[39m
        [33mclass[39m=[32m"app-header"[39m
      [36m>[39m
        [36m<a[39m
          [33maria-label[39m=[32m"D1Env 首页"[39m
          [33mclass[39m=[32m"brand"[39m
          [33mhref[39m=[32m"/"[39m
        [36m>[39m
          [36m<span[39m
            [33maria-hidden[39m=[32m"true"[39m
            [33mclass[39m=[32m"brand-mark"[39m
          [36m>[39m
            [0mD1[0m
          [36m</span>[39m
          [36m<span>[39m
            [0mD1Env[0m
            [36m<small>[39m
              [0m机器人环境工作台[0m
            [36m</small>[39m
          [36m</span>[39m
        [36m</a>[39m
        [36m<div[39m
          [33mclass[39m=[32m"header-right"[39m
        [36m>[39m
          [36m<span[39m
            [33mclass[39m=[32m"local-label"[39m
          [36m>[39m
            [36m<i />[39m
            [0m 本地工作台[0m
          [36m</span>[39m
          [36m<span[39m
            [33mclass[39m=[32m"release-tag"[39m
          [36m>[39m
            [0mM3 · 软件部署与检查[0m
          [36m</span>[39m
        [36m</div>[39m
      [36m</header>[39m
      [36m<div[39m
        [33mclass[39m=[32m"mock-banner software-banner"[39m
        [33mdata-testid[39m=[32m"mode-watermark"[39m
      [36m>[39m
        [36m<span>[39m
          [0m真实软件测试 · Docker/ROS[0m
        [36m</span>[39m
        [36m<p>[39m
          [0m仅验证 CPU ROS 软件通信，未连接真机，未验证 D1 功能。[0m
        [36m</p>[39m
        [36m<strong>[39m
          [0m运动权限：未启用[0m
        [36m</strong>[39m
      [36m</div>[39m
      [36m<div[39m
        [33mclass[39m=[32m"workspace-title"[39m
      [36m>[39m
        [36m<div>[39m
          [36m<span[39m
            [33mclass[39m=[32m"eyebrow"[39m
          [36m>[39m
            [0mD1 ENVIRONMENT / FOUNDATION[0m
          [36m</span>[39m
          [36m<h2>[39m
            [0m把每一步，部署得明白。[0m
          [36m</h2>[39m
        [36m</div>[39m
        [36m<span[39m
          [33mclass[39m=[32m"workspace-version"[39m
        [36m>[39m
          [0m中文向导 [0m
          [36m<b>[39m
            [0m01[0m
          [36m</b>[39m
        [36m</span>[39m
      [36m</div>[39m
      [36m<nav[39m
        [33maria-label[39m=[32m"部署向导步骤"[39m
        [33mclass[39m=[32m"wizard-steps"[39m
      [36m>[39m
        [36m<button[39m
          [33maria-label[39m=[32m"1 使用方式"[39m
          [33mtype[39m=[32m"button"[39m
        [36m>[39m
          [36m<span[39m
            [33mclass[39m=[32m"step-number"[39m
          [36m>[39m
            [0m01[0m
          [36m</span>[39m
          [36m<span>[39m
            [0m使用方式[0m
          [36m</span>[39m
        [36m</button>[39m
        [36m<button[39m
          [33maria-label[39m=[32m"2 机器人配置"[39m
          [33mtype[39m=[32m"button"[39m
        [36m>[39m
          [36m<span[39m
            [33mclass[39m=[32m"step-number"[39m
          [36m>[39m
            [0m02[0m
          [36m</span>[39m
          [36m<span>[39m
            [0m机器人配置[0m
          [36m</span>[39m
        [36m</button>[39m
        [36m<button[39m
          [33maria-current[39m=[32m"step"[39m
          [33maria-label[39m=[32m"3 执行电脑"[39m
          [33mtype[39m=[32m"button"[39m
        [36m>[39m
          [36m<span[39m
            [33mclass[39m=[32m"step-number"[39m
          [36m>[39m
            [0m03[0m
          [36m</span>[39m
          [36m<span>[39m
            [0m执行电脑[0m
          [36m</span>[39m
        [36m</button>[39m
        [36m<button[39m
          [33maria-label[39m=[32m"4 部署预览"[39m
          [33mtype[39m=[32m"button"[39m
        [36m>[39m
          [36m<span[39m
            [33mclass[39m=[32m"step-number"[39m
          [36m>[39m
            [0m04[0m
          [36m</span>[39m
          [36m<span>[39m
            [0m部署预览[0m
          [36m</span>[39m
        [36m</button>[39m
        [36m<button[39m
          [33maria-label[39m=[32m"5 运行与结果"[39m
          [33mtype[39m=[32m"button"[39m
        [36m>[39m
          [36m<span[39m
            [33mclass[39m=[32m"step-number"[39m
          [36m>[39m
            [0m05[0m
          [36m</span>[39m
          [36m<span>[39m
            [0m运行与结果[0m
          [36m</span>[39m
        [36m</button>[39m
      [36m</nav>[39m
      [36m<div[39m
        [33mclass[39m=[32m"workspace-grid"[39m
      [36m>[39m
        [36m<main[39m
          [33mclass[39m=[32m"main-panel"[39m
        [36m>[39m
          [36m<div[39m
            [33mclass[39m=[32m"page-heading"[39m
          [36m>[39m
            [36m<span[39m
              [33mclass[39m=[32m"eyebrow"[39m
            [36m>[39m
              [0m03 / 只读检查[0m
            [36m</span>[39m
            [36m<h1>[39m
              [0m先了解执行电脑。[0m
            [36m</h1>[39m
            [36m<p>[39m
              [0m检测来自本地后端所在的电脑，浏览器访问端与执行端明确区分。不会安装或修改配置。[0m
            [36m</p>[39m
          [36m</div>[39m
          [36m<div[39m
            [33mclass[39m=[32m"host-card"[39m
          [36m>[39m
            [36m<div[39m
              [33mclass[39m=[32m"host-title"[39m
            [36m>[39m
              [36m<span[39m
                [33maria-hidden[39m=[32m"true"[39m
                [33mclass[39m=[32m"computer-icon"[39m
              [36m>[39m
                [0m▣[0m
              [36m</span>[39m
              [36m<div>[39m
                [36m<h2>[39m
                  [0m本地执行电脑[0m
                [36m</h2>[39m
                [36m<p>[39m
                  [0m目标 local · 后端本机[0m
                [36m</p>[39m
              [36m</div>[39m
              [36m<span[39m
                [33mclass[39m=[32m"tag neutral-tag"[39m
              [36m>[39m
                [0m检测已返回[0m
              [36m</span>[39m
            [36m</div>[39m
            [36m<dl[39m
              [33mclass[39m=[32m"host-facts"[39m
            [36m>[39m
              [36m<div>[39m
                [36m<dt>[39m
                  [0m操作系统[0m
                [36m</dt>[39m
                [36m<dd>[39m
                  [0mDarwin 26.0[0m
                [36m</dd>[39m
              [36m</div>[39m
              [36m<div>[39m
                [36m<dt>[39m
                  [0mCPU 架构[0m
                [36m</dt>[39m
                [36m<dd>[39m
                  [0maarch64[0m
                [36m</dd>[39m
              [36m</div>[39m
              [36m<div>[39m
                [36m<dt>[39m
                  [0m可用磁盘[0m
                [36m</dt>[39m
                [36m<dd>[39m
                  [0m18.6 GB[0m
                [36m</dd>[39m
              [36m</div>[39m
              [36m<div>[39m
                [36m<dt>[39m
                  [0mDocker[0m
                [36m</dt>[39m
                [36m<dd>[39m
                  [0m已检测到[0m
                [36m</dd>[39m
              [36m</div>[39m
              [36m<div>[39m
                [36m<dt>[39m
                  [0mDocker 访问[0m
                [36m</dt>[39m
                [36m<dd>[39m
                  [0m已检测到[0m
                [36m</dd>[39m
              [36m</div>[39m
              [36m<div>[39m
                [36m<dt>[39m
                  [0mCompose[0m
                [36m</dt>[39m
                [36m<dd>[39m
                  [0m已检测到[0m
                [36m</dd>[39m
              [36m</div>[39m
            [36m</dl>[39m
            [36m<p[39m
              [33mclass[39m=[32m"muted"[39m
            [36m>[39m
              [0m浏览器访问端：当前浏览器；其系统信息不参与后端兼容判定。[0m
            [36m</p>[39m
            [36m<dl[39m
              [33mclass[39m=[32m"host-facts"[39m
            [36m>[39m
              [36m<div>[39m
                [36m<dt>[39m
                  [0mDocker 执行环境[0m
                [36m</dt>[39m
                [36m<dd>[39m
                  [0mlinux[0m
                [36m</dd>[39m
              [36m</div>[39m
              [36m<div>[39m
                [36m<dt>[39m
                  [0mDocker CPU 架构[0m
                [36m</dt>[39m
                [36m<dd>[39m
                  [0maarch64[0m
                [36m</dd>[39m
              [36m</div>[39m
              [36m<div>[39m
                [36m<dt>[39m
                  [0mDocker 版本[0m
                [36m</dt>[39m
                [36m<dd>[39m
                  [0munit-version[0m
                [36m</dd>[39m
              [36m</div>[39m
            [36m</dl>[39m
            [36m<details>[39m
              [36m<summary>[39m
                [0m网卡、GPU 与观测时间[0m
              [36m</summary>[39m
              [36m<dl>[39m
                [36m<dt>[39m
                  [0m本机网卡名称[0m
                [36m</dt>[39m
                [36m<dd>[39m
                  [0mlo0[0m
                [36m</dd>[39m
                [36m<dt>[39m
                  [0mGPU 观测[0m
                [36m</dt>[39m
                [36m<dd>[39m
                  [0m未知[0m
                  [0m · 当前 CPU 测试不需要 GPU[0m
                [36m</dd>[39m
                [36m<dt>[39m
                  [0m观测时间[0m
                [36m</dt>[39m
                [36m<dd>[39m
                  [0m2026-10-06T08:00:00Z[0m
                [36m</dd>[39m
              [36m</dl>[39m
            [36m</details>[39m
          [36m</div>[39m
          [36m<div[39m
            [33mclass[39m=[32m"check-details"[39m
          [36m>[39m
            [36m<article>[39m
              [36m<div[39m
                [33mclass[39m=[32m"section-row"[39m
              [36m>[39m
                [36m<strong>[39m
                  [0mDOCKER_RUNTIME[0m
                [36m</strong>[39m
                [36m<span[39m
                  [33mclass[39m=[32m"tiny-status status-pass"[39m
                [36m>[39m
                  [0mPASS[0m
                [36m</span>[39m
              [36m</div>[39m
              [36m<p>[39m
                [0mLinux aarch64 Docker 只读观测[0m
              [36m</p>[39m
              [36m<p[39m
                [33mclass[39m=[32m"muted"[39m
              [36m>[39m
                [0m下一步：[0m
                [0m审阅真实软件计划[0m
              [36m</p>[39m
              [36m<details>[39m
                [36m<summary>[39m
                  [0m检测证据 · [0m
                  [0mlocal_probe[0m
                [36m</summary>[39m
                [36m<pre>[39m
                  [0m{
  "runtime": "linux"
}[0m
                [36m</pre>[39m
                [36m<small>[39m
                  [0m观测时间：[0m
                  [0m2026-10-06T08:00:00Z[0m
                [36m</small>[39m
              [36m</details>[39m
            [36m</article>[39m
          [36m</div>[39m
          [36m<div[39m
            [33mclass[39m=[32m"notice neutral"[39m
          [36m>[39m
            [0mMac 本机系统与 Docker 中的 Linux 执行环境分开记录；缺少 Docker、权限或正确架构时，真实软件计划会被阻塞。[0m
          [36m</div>[39m
          [36m<div[39m
            [33mclass[39m=[32m"page-actions"[39m
          [36m>[39m
            [36m<button[39m
              [33mclass[39m=[32m"secondary"[39m
              [33mtype[39m=[32m"button"[39m
            [36m>[39m
              [0m重新检测电脑[0m
            [36m</button>[39m
            [36m<button[39m
              [33mclass[39m=[32m"primary"[39m
              [33mtype[39m=[32m"button"[39m
            [36m>[39m
              [0m下一步：部署预览 [0m
              [36m<span[39m
                [33maria-hidden[39m=[32m"true"[39m
              [36m>[39m
                [0m→[0m
              [36m</span>[39m
            [36m</button>[39m
          [36m</div>[39m
        [36m</main>[39m
        [36m<aside[39m
          [33maria-label[39m=[32m"状态与证据"[39m
          [33mclass[39m=[32m"evidence-panel"[39m
        [36m>[39m
          [36m<div[39m
            [33mclass[39m=[32m"aside-heading"[39m
          [36m>[39m
            [36m<span[39m
              [33mclass[39m=[32m"eyebrow"[39m
            [36m>[39m
              [0mSTATUS & EVIDENCE[0m
            [36m</span>[39m
            [36m<h2>[39m
              [0m每一步，都有依据[0m
            [36m</h2>[39m
          [36m</div>[39m
          [36m<div[39m
            [33mclass[39m=[32m"scope-card"[39m
          [36m>[39m
            [36m<span[39m
              [33mclass[39m=[32m"tag software-tag"[39m
            [36m>[39m
              [0m软件测试[0m
            [36m</span>[39m
            [36m<p>[39m
              [0m计划验证范围[0m
            [36m</p>[39m
            [36m<strong[39m
              [33mdata-testid[39m=[32m"verified-scope"[39m
            [36m>[39m
              [0msoftware / 待验证[0m
            [36m</strong>[39m
            [36m<small>[39m
              [0m仅检查 Docker/ROS 软件服务，不代表 D1 驱动、数据或运动已验证。[0m
            [36m</small>[39m
          [36m</div>[39m
          [36m<section[39m
            [33mclass[39m=[32m"evidence-section"[39m
          [36m>[39m
            [36m<div[39m
              [33mclass[39m=[32m"section-row"[39m
            [36m>[39m
              [36m<h3>[39m
                [0m真机遥测[0m
              [36m</h3>[39m
              [36m<span[39m
                [33mclass[39m=[32m"tag unknown-tag"[39m
                [33mdata-testid[39m=[32m"telemetry-state"[39m
              [36m>[39m
                [0mUNKNOWN[0m
              [36m</span>[39m
            [36m</div>[39m
            [36m<div[39m
              [33mclass[39m=[32m"telemetry-grid"[39m
            [36m>[39m
              [36m<div>[39m
                [36m<span>[39m
                  [0m电量[0m
                [36m</span>[39m
                [36m<strong[39m
                  [33mdata-testid[39m=[32m"battery-value"[39m
                [36m>[39m
                  [0m未知 [0m
                  [36m<small>[39m
                    [0mnull[0m
                  [36m</small>[39m
                [36m</strong>[39m
              [36m</div>[39m
              [36m<div>[39m
                [36m<span>[39m
                  [0m姿态[0m
                [36m</span>[39m
                [36m<strong[39m
                  [33mdata-testid[39m=[32m"pose-value"[39m
                [36m>[39m
                  [0m未知 [0m
                  [36m<small>[39m
                    [0mnull[0m
                  [36m</small>[39m
                [36m</strong>[39m
              [36m</div>[39m
            [36m</div>[39m
            [36m<p[39m
              [33mclass[39m=[32m"muted"[39m
            [36m>[39m
              [0m未连接机器人。缺失观测保持 null，不判断为正常。[0m
            [36m</p>[39m
            [36m<button[39m
              [33mclass[39m=[32m"motion-disabled"[39m
              [33mdisabled[39m=[32m""[39m
              [33mtype[39m=[32m"button"[39m
            [36m>[39m
              [0m运动控制未启用[0m
            [36m</button>[39m
          [36m</section>[39m
          [36m<section[39m
            [33mclass[39m=[32m"evidence-section"[39m
          [36m>[39m
            [36m<div[39m
              [33mclass[39m=[32m"section-row"[39m
            [36m>[39m
              [36m<h3>[39m
                [0m电脑检测[0m
              [36m</h3>[39m
              [36m<span[39m
                [33mclass[39m=[32m"tag neutral-tag"[39m
              [36m>[39m
                [0m真实只读[0m
              [36m</span>[39m
            [36m</div>[39m
            [36m<p[39m
              [33mclass[39m=[32m"muted"[39m
            [36m>[39m
              [0m来源：local_probe · 后端本机观测[0m
            [36m</p>[39m
            [36m<ul[39m
              [33mclass[39m=[32m"evidence-checks"[39m
            [36m>[39m
              [36m<li>[39m
                [36m<span[39m
                  [33mclass[39m=[32m"tiny-status status-pass"[39m
                [36m>[39m
                  [0mPASS[0m
                [36m</span>[39m
                [36m<span>[39m
                  [0mLinux aarch64 Docker 只读观测[0m
                [36m</span>[39m
              [36m</li>[39m
            [36m</ul>[39m
          [36m</section>[39m
          [36m<div[39m
            [33mclass[39m=[32m"boundary-note"[39m
          [36m>[39m
            [36m<span[39m
              [33maria-hidden[39m=[32m"true"[39m
            [36m>[39m
              [0m↳[0m
            [36m</span>[39m
            [36m<p>[39m
              [0m真实 CPU ROS 软件测试[0m
              [36m<br />[39m
              [36m<small>[39m
                [0m未接 SDK、未接真机、无运动指令[0m
              [36m</small>[39m
            [36m</p>[39m
          [36m</div>[39m
        [36m</aside>[39m
      [36m</div>[39m
      [36m<footer[39m
        [33mclass[39m=[32m"app-footer"[39m
      [36m>[39m
        [36m<span>[39m
          [0mD1Env / Foundation[0m
        [36m</span>[39m
        [36m<span>[39m
          [0m依据可查 · 范围明确 · 默认只读[0m
        [36m</span>[39m
        [36m<span>[39m
          [0m软件检查 ≠ D1 真机验证[0m
        [36m</span>[39m
      [36m</footer>[39m
    [36m</div>[39m
  [36m</div>[39m
[36m</body>[39m
 ❯ waitForWrapper node_modules/@testing-library/dom/dist/wait-for.js:163:27
 ❯ node_modules/@testing-library/dom/dist/query-helpers.js:86:33
 ❯ tests/unit/SoftwareApp.test.tsx:191:25
    189|     responseArtifact = { trusted_bundle: null, blocked_reason: '缺少匹配的发…
    190|     await softwareHost();
    191|     expect(await screen.findByText('缺少匹配的发行元数据，不能导入任意镜像')).toBeVisible…
       |                         ^
    192|     expect(screen.getByLabelText('随包 ROS 镜像文件')).toBeDisabled();
    193|     expect(screen.getByRole('button', { name: '导入随发行包提供的 ROS 软件镜像' }))…

⎯⎯⎯⎯⎯⎯⎯⎯⎯⎯⎯⎯⎯⎯⎯⎯⎯⎯⎯⎯⎯⎯⎯⎯[2/4]⎯

 FAIL  tests/unit/SoftwareApp.test.tsx > M3 软件模式的真实范围与生命周期 > 镜像校验错误按原文展示具体错误与下一步，不能显示导入成功
TestingLibraryElementError: Unable to find a label with the text of: 随包 ROS 镜像文件

Ignored nodes: comments, script, style
[36m<body>[39m
  [36m<div>[39m
    [36m<div[39m
      [33mclass[39m=[32m"app-shell"[39m
    [36m>[39m
      [36m<header[39m
        [33mclass[39m=[32m"app-header"[39m
      [36m>[39m
        [36m<a[39m
          [33maria-label[39m=[32m"D1Env 首页"[39m
          [33mclass[39m=[32m"brand"[39m
          [33mhref[39m=[32m"/"[39m
        [36m>[39m
          [36m<span[39m
            [33maria-hidden[39m=[32m"true"[39m
            [33mclass[39m=[32m"brand-mark"[39m
          [36m>[39m
            [0mD1[0m
          [36m</span>[39m
          [36m<span>[39m
            [0mD1Env[0m
            [36m<small>[39m
              [0m机器人环境工作台[0m
            [36m</small>[39m
          [36m</span>[39m
        [36m</a>[39m
        [36m<div[39m
          [33mclass[39m=[32m"header-right"[39m
        [36m>[39m
          [36m<span[39m
            [33mclass[39m=[32m"local-label"[39m
          [36m>[39m
            [36m<i />[39m
            [0m 本地工作台[0m
          [36m</span>[39m
          [36m<span[39m
            [33mclass[39m=[32m"release-tag"[39m
          [36m>[39m
            [0mM3 · 软件部署与检查[0m
          [36m</span>[39m
        [36m</div>[39m
      [36m</header>[39m
      [36m<div[39m
        [33mclass[39m=[32m"mock-banner software-banner"[39m
        [33mdata-testid[39m=[32m"mode-watermark"[39m
      [36m>[39m
        [36m<span>[39m
          [0m真实软件测试 · Docker/ROS[0m
        [36m</span>[39m
        [36m<p>[39m
          [0m仅验证 CPU ROS 软件通信，未连接真机，未验证 D1 功能。[0m
        [36m</p>[39m
        [36m<strong>[39m
          [0m运动权限：未启用[0m
        [36m</strong>[39m
      [36m</div>[39m
      [36m<div[39m
        [33mclass[39m=[32m"workspace-title"[39m
      [36m>[39m
        [36m<div>[39m
          [36m<span[39m
            [33mclass[39m=[32m"eyebrow"[39m
          [36m>[39m
            [0mD1 ENVIRONMENT / FOUNDATION[0m
          [36m</span>[39m
          [36m<h2>[39m
            [0m把每一步，部署得明白。[0m
          [36m</h2>[39m
        [36m</div>[39m
        [36m<span[39m
          [33mclass[39m=[32m"workspace-version"[39m
        [36m>[39m
          [0m中文向导 [0m
          [36m<b>[39m
            [0m01[0m
          [36m</b>[39m
        [36m</span>[39m
      [36m</div>[39m
      [36m<nav[39m
        [33maria-label[39m=[32m"部署向导步骤"[39m
        [33mclass[39m=[32m"wizard-steps"[39m
      [36m>[39m
        [36m<button[39m
          [33maria-label[39m=[32m"1 使用方式"[39m
          [33mtype[39m=[32m"button"[39m
        [36m>[39m
          [36m<span[39m
            [33mclass[39m=[32m"step-number"[39m
          [36m>[39m
            [0m01[0m
          [36m</span>[39m
          [36m<span>[39m
            [0m使用方式[0m
          [36m</span>[39m
        [36m</button>[39m
        [36m<button[39m
          [33maria-label[39m=[32m"2 机器人配置"[39m
          [33mtype[39m=[32m"button"[39m
        [36m>[39m
          [36m<span[39m
            [33mclass[39m=[32m"step-number"[39m
          [36m>[39m
            [0m02[0m
          [36m</span>[39m
          [36m<span>[39m
            [0m机器人配置[0m
          [36m</span>[39m
        [36m</button>[39m
        [36m<button[39m
          [33maria-current[39m=[32m"step"[39m
          [33maria-label[39m=[32m"3 执行电脑"[39m
          [33mtype[39m=[32m"button"[39m
        [36m>[39m
          [36m<span[39m
            [33mclass[39m=[32m"step-number"[39m
          [36m>[39m
            [0m03[0m
          [36m</span>[39m
          [36m<span>[39m
            [0m执行电脑[0m
          [36m</span>[39m
        [36m</button>[39m
        [36m<button[39m
          [33maria-label[39m=[32m"4 部署预览"[39m
          [33mtype[39m=[32m"button"[39m
        [36m>[39m
          [36m<span[39m
            [33mclass[39m=[32m"step-number"[39m
          [36m>[39m
            [0m04[0m
          [36m</span>[39m
          [36m<span>[39m
            [0m部署预览[0m
          [36m</span>[39m
        [36m</button>[39m
        [36m<button[39m
          [33maria-label[39m=[32m"5 运行与结果"[39m
          [33mtype[39m=[32m"button"[39m
        [36m>[39m
          [36m<span[39m
            [33mclass[39m=[32m"step-number"[39m
          [36m>[39m
            [0m05[0m
          [36m</span>[39m
          [36m<span>[39m
            [0m运行与结果[0m
          [36m</span>[39m
        [36m</button>[39m
      [36m</nav>[39m
      [36m<div[39m
        [33mclass[39m=[32m"workspace-grid"[39m
      [36m>[39m
        [36m<main[39m
          [33mclass[39m=[32m"main-panel"[39m
        [36m>[39m
          [36m<div[39m
            [33mclass[39m=[32m"page-heading"[39m
          [36m>[39m
            [36m<span[39m
              [33mclass[39m=[32m"eyebrow"[39m
            [36m>[39m
              [0m03 / 只读检查[0m
            [36m</span>[39m
            [36m<h1>[39m
              [0m先了解执行电脑。[0m
            [36m</h1>[39m
            [36m<p>[39m
              [0m检测来自本地后端所在的电脑，浏览器访问端与执行端明确区分。不会安装或修改配置。[0m
            [36m</p>[39m
          [36m</div>[39m
          [36m<div[39m
            [33mclass[39m=[32m"host-card"[39m
          [36m>[39m
            [36m<div[39m
              [33mclass[39m=[32m"host-title"[39m
            [36m>[39m
              [36m<span[39m
                [33maria-hidden[39m=[32m"true"[39m
                [33mclass[39m=[32m"computer-icon"[39m
              [36m>[39m
                [0m▣[0m
              [36m</span>[39m
              [36m<div>[39m
                [36m<h2>[39m
                  [0m本地执行电脑[0m
                [36m</h2>[39m
                [36m<p>[39m
                  [0m目标 local · 后端本机[0m
                [36m</p>[39m
              [36m</div>[39m
              [36m<span[39m
                [33mclass[39m=[32m"tag neutral-tag"[39m
              [36m>[39m
                [0m检测已返回[0m
              [36m</span>[39m
            [36m</div>[39m
            [36m<dl[39m
              [33mclass[39m=[32m"host-facts"[39m
            [36m>[39m
              [36m<div>[39m
                [36m<dt>[39m
                  [0m操作系统[0m
                [36m</dt>[39m
                [36m<dd>[39m
                  [0mDarwin 26.0[0m
                [36m</dd>[39m
              [36m</div>[39m
              [36m<div>[39m
                [36m<dt>[39m
                  [0mCPU 架构[0m
                [36m</dt>[39m
                [36m<dd>[39m
                  [0maarch64[0m
                [36m</dd>[39m
              [36m</div>[39m
              [36m<div>[39m
                [36m<dt>[39m
                  [0m可用磁盘[0m
                [36m</dt>[39m
                [36m<dd>[39m
                  [0m18.6 GB[0m
                [36m</dd>[39m
              [36m</div>[39m
              [36m<div>[39m
                [36m<dt>[39m
                  [0mDocker[0m
                [36m</dt>[39m
                [36m<dd>[39m
                  [0m已检测到[0m
                [36m</dd>[39m
              [36m</div>[39m
              [36m<div>[39m
                [36m<dt>[39m
                  [0mDocker 访问[0m
                [36m</dt>[39m
                [36m<dd>[39m
                  [0m已检测到[0m
                [36m</dd>[39m
              [36m</div>[39m
              [36m<div>[39m
                [36m<dt>[39m
                  [0mCompose[0m
                [36m</dt>[39m
                [36m<dd>[39m
                  [0m已检测到[0m
                [36m</dd>[39m
              [36m</div>[39m
            [36m</dl>[39m
            [36m<p[39m
              [33mclass[39m=[32m"muted"[39m
            [36m>[39m
              [0m浏览器访问端：当前浏览器；其系统信息不参与后端兼容判定。[0m
            [36m</p>[39m
            [36m<dl[39m
              [33mclass[39m=[32m"host-facts"[39m
            [36m>[39m
              [36m<div>[39m
                [36m<dt>[39m
                  [0mDocker 执行环境[0m
                [36m</dt>[39m
                [36m<dd>[39m
                  [0mlinux[0m
                [36m</dd>[39m
              [36m</div>[39m
              [36m<div>[39m
                [36m<dt>[39m
                  [0mDocker CPU 架构[0m
                [36m</dt>[39m
                [36m<dd>[39m
                  [0maarch64[0m
                [36m</dd>[39m
              [36m</div>[39m
              [36m<div>[39m
                [36m<dt>[39m
                  [0mDocker 版本[0m
                [36m</dt>[39m
                [36m<dd>[39m
                  [0munit-version[0m
                [36m</dd>[39m
              [36m</div>[39m
            [36m</dl>[39m
            [36m<details>[39m
              [36m<summary>[39m
                [0m网卡、GPU 与观测时间[0m
              [36m</summary>[39m
              [36m<dl>[39m
                [36m<dt>[39m
                  [0m本机网卡名称[0m
                [36m</dt>[39m
                [36m<dd>[39m
                  [0mlo0[0m
                [36m</dd>[39m
                [36m<dt>[39m
                  [0mGPU 观测[0m
                [36m</dt>[39m
                [36m<dd>[39m
                  [0m未知[0m
                  [0m · 当前 CPU 测试不需要 GPU[0m
                [36m</dd>[39m
                [36m<dt>[39m
                  [0m观测时间[0m
                [36m</dt>[39m
                [36m<dd>[39m
                  [0m2026-10-06T08:00:00Z[0m
                [36m</dd>[39m
              [36m</dl>[39m
            [36m</details>[39m
          [36m</div>[39m
          [36m<div[39m
            [33mclass[39m=[32m"check-details"[39m
          [36m>[39m
            [36m<article>[39m
              [36m<div[39m
                [33mclass[39m=[32m"section-row"[39m
              [36m>[39m
                [36m<strong>[39m
                  [0mDOCKER_RUNTIME[0m
                [36m</strong>[39m
                [36m<span[39m
                  [33mclass[39m=[32m"tiny-status status-pass"[39m
                [36m>[39m
                  [0mPASS[0m
                [36m</span>[39m
              [36m</div>[39m
              [36m<p>[39m
                [0mLinux aarch64 Docker 只读观测[0m
              [36m</p>[39m
              [36m<p[39m
                [33mclass[39m=[32m"muted"[39m
              [36m>[39m
                [0m下一步：[0m
                [0m审阅真实软件计划[0m
              [36m</p>[39m
              [36m<details>[39m
                [36m<summary>[39m
                  [0m检测证据 · [0m
                  [0mlocal_probe[0m
                [36m</summary>[39m
                [36m<pre>[39m
                  [0m{
  "runtime": "linux"
}[0m
                [36m</pre>[39m
                [36m<small>[39m
                  [0m观测时间：[0m
                  [0m2026-10-06T08:00:00Z[0m
                [36m</small>[39m
              [36m</details>[39m
            [36m</article>[39m
          [36m</div>[39m
          [36m<div[39m
            [33mclass[39m=[32m"notice neutral"[39m
          [36m>[39m
            [0mMac 本机系统与 Docker 中的 Linux 执行环境分开记录；缺少 Docker、权限或正确架构时，真实软件计划会被阻塞。[0m
          [36m</div>[39m
          [36m<div[39m
            [33mclass[39m=[32m"page-actions"[39m
          [36m>[39m
            [36m<button[39m
              [33mclass[39m=[32m"secondary"[39m
              [33mtype[39m=[32m"button"[39m
            [36m>[39m
              [0m重新检测电脑[0m
            [36m</button>[39m
            [36m<button[39m
              [33mclass[39m=[32m"primary"[39m
              [33mtype[39m=[32m"button"[39m
            [36m>[39m
              [0m下一步：部署预览 [0m
              [36m<span[39m
                [33maria-hidden[39m=[32m"true"[39m
              [36m>[39m
                [0m→[0m
              [36m</span>[39m
            [36m</button>[39m
          [36m</div>[39m
        [36m</main>[39m
        [36m<aside[39m
          [33maria-label[39m=[32m"状态与证据"[39m
          [33mclass[39m=[32m"evidence-panel"[39m
        [36m>[39m
          [36m<div[39m
            [33mclass[39m=[32m"aside-heading"[39m
          [36m>[39m
            [36m<span[39m
              [33mclass[39m=[32m"eyebrow"[39m
            [36m>[39m
              [0mSTATUS & EVIDENCE[0m
            [36m</span>[39m
            [36m<h2>[39m
              [0m每一步，都有依据[0m
            [36m</h2>[39m
          [36m</div>[39m
          [36m<div[39m
            [33mclass[39m=[32m"scope-card"[39m
          [36m>[39m
            [36m<span[39m
              [33mclass[39m=[32m"tag software-tag"[39m
            [36m>[39m
              [0m软件测试[0m
            [36m</span>[39m
            [36m<p>[39m
              [0m计划验证范围[0m
            [36m</p>[39m
            [36m<strong[39m
              [33mdata-testid[39m=[32m"verified-scope"[39m
            [36m>[39m
              [0msoftware / 待验证[0m
            [36m</strong>[39m
            [36m<small>[39m
              [0m仅检查 Docker/ROS 软件服务，不代表 D1 驱动、数据或运动已验证。[0m
            [36m</small>[39m
          [36m</div>[39m
          [36m<section[39m
            [33mclass[39m=[32m"evidence-section"[39m
          [36m>[39m
            [36m<div[39m
              [33mclass[39m=[32m"section-row"[39m
            [36m>[39m
              [36m<h3>[39m
                [0m真机遥测[0m
              [36m</h3>[39m
              [36m<span[39m
                [33mclass[39m=[32m"tag unknown-tag"[39m
                [33mdata-testid[39m=[32m"telemetry-state"[39m
              [36m>[39m
                [0mUNKNOWN[0m
              [36m</span>[39m
            [36m</div>[39m
            [36m<div[39m
              [33mclass[39m=[32m"telemetry-grid"[39m
            [36m>[39m
              [36m<div>[39m
                [36m<span>[39m
                  [0m电量[0m
                [36m</span>[39m
                [36m<strong[39m
                  [33mdata-testid[39m=[32m"battery-value"[39m
                [36m>[39m
                  [0m未知 [0m
                  [36m<small>[39m
                    [0mnull[0m
                  [36m</small>[39m
                [36m</strong>[39m
              [36m</div>[39m
              [36m<div>[39m
                [36m<span>[39m
                  [0m姿态[0m
                [36m</span>[39m
                [36m<strong[39m
                  [33mdata-testid[39m=[32m"pose-value"[39m
                [36m>[39m
                  [0m未知 [0m
                  [36m<small>[39m
                    [0mnull[0m
                  [36m</small>[39m
                [36m</strong>[39m
              [36m</div>[39m
            [36m</div>[39m
            [36m<p[39m
              [33mclass[39m=[32m"muted"[39m
            [36m>[39m
              [0m未连接机器人。缺失观测保持 null，不判断为正常。[0m
            [36m</p>[39m
            [36m<button[39m
              [33mclass[39m=[32m"motion-disabled"[39m
              [33mdisabled[39m=[32m""[39m
              [33mtype[39m=[32m"button"[39m
            [36m>[39m
              [0m运动控制未启用[0m
            [36m</button>[39m
          [36m</section>[39m
          [36m<section[39m
            [33mclass[39m=[32m"evidence-section"[39m
          [36m>[39m
            [36m<div[39m
              [33mclass[39m=[32m"section-row"[39m
            [36m>[39m
              [36m<h3>[39m
                [0m电脑检测[0m
              [36m</h3>[39m
              [36m<span[39m
                [33mclass[39m=[32m"tag neutral-tag"[39m
              [36m>[39m
                [0m真实只读[0m
              [36m</span>[39m
            [36m</div>[39m
            [36m<p[39m
              [33mclass[39m=[32m"muted"[39m
            [36m>[39m
              [0m来源：local_probe · 后端本机观测[0m
            [36m</p>[39m
            [36m<ul[39m
              [33mclass[39m=[32m"evidence-checks"[39m
            [36m>[39m
              [36m<li>[39m
                [36m<span[39m
                  [33mclass[39m=[32m"tiny-status status-pass"[39m
                [36m>[39m
                  [0mPASS[0m
                [36m</span>[39m
                [36m<span>[39m
                  [0mLinux aarch64 Docker 只读观测[0m
                [36m</span>[39m
              [36m</li>[39m
            [36m</ul>[39m
          [36m</section>[39m
          [36m<div[39m
            [33mclass[39m=[32m"boundary-note"[39m
          [36m>[39m
            [36m<span[39m
              [33maria-hidden[39m=[32m"true"[39m
            [36m>[39m
              [0m↳[0m
            [36m</span>[39m
            [36m<p>[39m
              [0m真实 CPU ROS 软件测试[0m
              [36m<br />[39m
              [36m<small>[39m
                [0m未接 SDK、未接真机、无运动指令[0m
              [36m</small>[39m
            [36m</p>[39m
          [36m</div>[39m
        [36m</aside>[39m
      [36m</div>[39m
      [36m<footer[39m
        [33mclass[39m=[32m"app-footer"[39m
      [36m>[39m
        [36m<span>[39m
          [0mD1Env / Foundation[0m
        [36m</span>[39m
        [36m<span>[39m
          [0m依据可查 · 范围明确 · 默认只读[0m
        [36m</span>[39m
        [36m<span>[39m
          [0m软件检查 ≠ D1 真机验证[0m
        [36m</span>[39m
      [36m</footer>[39m
    [36m</div>[39m
  [36m</div>[39m
[36m</body>[39m

Ignored nodes: comments, script, style
[36m<body>[39m
  [36m<div>[39m
    [36m<div[39m
      [33mclass[39m=[32m"app-shell"[39m
    [36m>[39m
      [36m<header[39m
        [33mclass[39m=[32m"app-header"[39m
      [36m>[39m
        [36m<a[39m
          [33maria-label[39m=[32m"D1Env 首页"[39m
          [33mclass[39m=[32m"brand"[39m
          [33mhref[39m=[32m"/"[39m
        [36m>[39m
          [36m<span[39m
            [33maria-hidden[39m=[32m"true"[39m
            [33mclass[39m=[32m"brand-mark"[39m
          [36m>[39m
            [0mD1[0m
          [36m</span>[39m
          [36m<span>[39m
            [0mD1Env[0m
            [36m<small>[39m
              [0m机器人环境工作台[0m
            [36m</small>[39m
          [36m</span>[39m
        [36m</a>[39m
        [36m<div[39m
          [33mclass[39m=[32m"header-right"[39m
        [36m>[39m
          [36m<span[39m
            [33mclass[39m=[32m"local-label"[39m
          [36m>[39m
            [36m<i />[39m
            [0m 本地工作台[0m
          [36m</span>[39m
          [36m<span[39m
            [33mclass[39m=[32m"release-tag"[39m
          [36m>[39m
            [0mM3 · 软件部署与检查[0m
          [36m</span>[39m
        [36m</div>[39m
      [36m</header>[39m
      [36m<div[39m
        [33mclass[39m=[32m"mock-banner software-banner"[39m
        [33mdata-testid[39m=[32m"mode-watermark"[39m
      [36m>[39m
        [36m<span>[39m
          [0m真实软件测试 · Docker/ROS[0m
        [36m</span>[39m
        [36m<p>[39m
          [0m仅验证 CPU ROS 软件通信，未连接真机，未验证 D1 功能。[0m
        [36m</p>[39m
        [36m<strong>[39m
          [0m运动权限：未启用[0m
        [36m</strong>[39m
      [36m</div>[39m
      [36m<div[39m
        [33mclass[39m=[32m"workspace-title"[39m
      [36m>[39m
        [36m<div>[39m
          [36m<span[39m
            [33mclass[39m=[32m"eyebrow"[39m
          [36m>[39m
            [0mD1 ENVIRONMENT / FOUNDATION[0m
          [36m</span>[39m
          [36m<h2>[39m
            [0m把每一步，部署得明白。[0m
          [36m</h2>[39m
        [36m</div>[39m
        [36m<span[39m
          [33mclass[39m=[32m"workspace-version"[39m
        [36m>[39m
          [0m中文向导 [0m
          [36m<b>[39m
            [0m01[0m
          [36m</b>[39m
        [36m</span>[39m
      [36m</div>[39m
      [36m<nav[39m
        [33maria-label[39m=[32m"部署向导步骤"[39m
        [33mclass[39m=[32m"wizard-steps"[39m
      [36m>[39m
        [36m<button[39m
          [33maria-label[39m=[32m"1 使用方式"[39m
          [33mtype[39m=[32m"button"[39m
        [36m>[39m
          [36m<span[39m
            [33mclass[39m=[32m"step-number"[39m
          [36m>[39m
            [0m01[0m
          [36m</span>[39m
          [36m<span>[39m
            [0m使用方式[0m
          [36m</span>[39m
        [36m</button>[39m
        [36m<button[39m
          [33maria-label[39m=[32m"2 机器人配置"[39m
          [33mtype[39m=[32m"button"[39m
        [36m>[39m
          [36m<span[39m
            [33mclass[39m=[32m"step-number"[39m
          [36m>[39m
            [0m02[0m
          [36m</span>[39m
          [36m<span>[39m
            [0m机器人配置[0m
          [36m</span>[39m
        [36m</button>[39m
        [36m<button[39m
          [33maria-current[39m=[32m"step"[39m
          [33maria-label[39m=[32m"3 执行电脑"[39m
          [33mtype[39m=[32m"button"[39m
        [36m>[39m
          [36m<span[39m
            [33mclass[39m=[32m"step-number"[39m
          [36m>[39m
            [0m03[0m
          [36m</span>[39m
          [36m<span>[39m
            [0m执行电脑[0m
          [36m</span>[39m
        [36m</button>[39m
        [36m<button[39m
          [33maria-label[39m=[32m"4 部署预览"[39m
          [33mtype[39m=[32m"button"[39m
        [36m>[39m
          [36m<span[39m
            [33mclass[39m=[32m"step-number"[39m
          [36m>[39m
            [0m04[0m
          [36m</span>[39m
          [36m<span>[39m
            [0m部署预览[0m
          [36m</span>[39m
        [36m</button>[39m
        [36m<button[39m
          [33maria-label[39m=[32m"5 运行与结果"[39m
          [33mtype[39m=[32m"button"[39m
        [36m>[39m
          [36m<span[39m
            [33mclass[39m=[32m"step-number"[39m
          [36m>[39m
            [0m05[0m
          [36m</span>[39m
          [36m<span>[39m
            [0m运行与结果[0m
          [36m</span>[39m
        [36m</button>[39m
      [36m</nav>[39m
      [36m<div[39m
        [33mclass[39m=[32m"workspace-grid"[39m
      [36m>[39m
        [36m<main[39m
          [33mclass[39m=[32m"main-panel"[39m
        [36m>[39m
          [36m<div[39m
            [33mclass[39m=[32m"page-heading"[39m
          [36m>[39m
            [36m<span[39m
              [33mclass[39m=[32m"eyebrow"[39m
            [36m>[39m
              [0m03 / 只读检查[0m
            [36m</span>[39m
            [36m<h1>[39m
              [0m先了解执行电脑。[0m
            [36m</h1>[39m
            [36m<p>[39m
              [0m检测来自本地后端所在的电脑，浏览器访问端与执行端明确区分。不会安装或修改配置。[0m
            [36m</p>[39m
          [36m</div>[39m
          [36m<div[39m
            [33mclass[39m=[32m"host-card"[39m
          [36m>[39m
            [36m<div[39m
              [33mclass[39m=[32m"host-title"[39m
            [36m>[39m
              [36m<span[39m
                [33maria-hidden[39m=[32m"true"[39m
                [33mclass[39m=[32m"computer-icon"[39m
              [36m>[39m
                [0m▣[0m
              [36m</span>[39m
              [36m<div>[39m
                [36m<h2>[39m
                  [0m本地执行电脑[0m
                [36m</h2>[39m
                [36m<p>[39m
                  [0m目标 local · 后端本机[0m
                [36m</p>[39m
              [36m</div>[39m
              [36m<span[39m
                [33mclass[39m=[32m"tag neutral-tag"[39m
              [36m>[39m
                [0m检测已返回[0m
              [36m</span>[39m
            [36m</div>[39m
            [36m<dl[39m
              [33mclass[39m=[32m"host-facts"[39m
            [36m>[39m
              [36m<div>[39m
                [36m<dt>[39m
                  [0m操作系统[0m
                [36m</dt>[39m
                [36m<dd>[39m
                  [0mDarwin 26.0[0m
                [36m</dd>[39m
              [36m</div>[39m
              [36m<div>[39m
                [36m<dt>[39m
                  [0mCPU 架构[0m
                [36m</dt>[39m
                [36m<dd>[39m
                  [0maarch64[0m
                [36m</dd>[39m
              [36m</div>[39m
              [36m<div>[39m
                [36m<dt>[39m
                  [0m可用磁盘[0m
                [36m</dt>[39m
                [36m<dd>[39m
                  [0m18.6 GB[0m
                [36m</dd>[39m
              [36m</div>[39m
              [36m<div>[39m
                [36m<dt>[39m
                  [0mDocker[0m
                [36m</dt>[39m
                [36m<dd>[39m
                  [0m已检测到[0m
                [36m</dd>[39m
              [36m</div>[39m
              [36m<div>[39m
                [36m<dt>[39m
                  [0mDocker 访问[0m
                [36m</dt>[39m
                [36m<dd>[39m
                  [0m已检测到[0m
                [36m</dd>[39m
              [36m</div>[39m
              [36m<div>[39m
                [36m<dt>[39m
                  [0mCompose[0m
                [36m</dt>[39m
                [36m<dd>[39m
                  [0m已检测到[0m
                [36m</dd>[39m
              [36m</div>[39m
            [36m</dl>[39m
            [36m<p[39m
              [33mclass[39m=[32m"muted"[39m
            [36m>[39m
              [0m浏览器访问端：当前浏览器；其系统信息不参与后端兼容判定。[0m
            [36m</p>[39m
            [36m<dl[39m
              [33mclass[39m=[32m"host-facts"[39m
            [36m>[39m
              [36m<div>[39m
                [36m<dt>[39m
                  [0mDocker 执行环境[0m
                [36m</dt>[39m
                [36m<dd>[39m
                  [0mlinux[0m
                [36m</dd>[39m
              [36m</div>[39m
              [36m<div>[39m
                [36m<dt>[39m
                  [0mDocker CPU 架构[0m
                [36m</dt>[39m
                [36m<dd>[39m
                  [0maarch64[0m
                [36m</dd>[39m
              [36m</div>[39m
              [36m<div>[39m
                [36m<dt>[39m
                  [0mDocker 版本[0m
                [36m</dt>[39m
                [36m<dd>[39m
                  [0munit-version[0m
                [36m</dd>[39m
              [36m</div>[39m
            [36m</dl>[39m
            [36m<details>[39m
              [36m<summary>[39m
                [0m网卡、GPU 与观测时间[0m
              [36m</summary>[39m
              [36m<dl>[39m
                [36m<dt>[39m
                  [0m本机网卡名称[0m
                [36m</dt>[39m
                [36m<dd>[39m
                  [0mlo0[0m
                [36m</dd>[39m
                [36m<dt>[39m
                  [0mGPU 观测[0m
                [36m</dt>[39m
                [36m<dd>[39m
                  [0m未知[0m
                  [0m · 当前 CPU 测试不需要 GPU[0m
                [36m</dd>[39m
                [36m<dt>[39m
                  [0m观测时间[0m
                [36m</dt>[39m
                [36m<dd>[39m
                  [0m2026-10-06T08:00:00Z[0m
                [36m</dd>[39m
              [36m</dl>[39m
            [36m</details>[39m
          [36m</div>[39m
          [36m<div[39m
            [33mclass[39m=[32m"check-details"[39m
          [36m>[39m
            [36m<article>[39m
              [36m<div[39m
                [33mclass[39m=[32m"section-row"[39m
              [36m>[39m
                [36m<strong>[39m
                  [0mDOCKER_RUNTIME[0m
                [36m</strong>[39m
                [36m<span[39m
                  [33mclass[39m=[32m"tiny-status status-pass"[39m
                [36m>[39m
                  [0mPASS[0m
                [36m</span>[39m
              [36m</div>[39m
              [36m<p>[39m
                [0mLinux aarch64 Docker 只读观测[0m
              [36m</p>[39m
              [36m<p[39m
                [33mclass[39m=[32m"muted"[39m
              [36m>[39m
                [0m下一步：[0m
                [0m审阅真实软件计划[0m
              [36m</p>[39m
              [36m<details>[39m
                [36m<summary>[39m
                  [0m检测证据 · [0m
                  [0mlocal_probe[0m
                [36m</summary>[39m
                [36m<pre>[39m
                  [0m{
  "runtime": "linux"
}[0m
                [36m</pre>[39m
                [36m<small>[39m
                  [0m观测时间：[0m
                  [0m2026-10-06T08:00:00Z[0m
                [36m</small>[39m
              [36m</details>[39m
            [36m</article>[39m
          [36m</div>[39m
          [36m<div[39m
            [33mclass[39m=[32m"notice neutral"[39m
          [36m>[39m
            [0mMac 本机系统与 Docker 中的 Linux 执行环境分开记录；缺少 Docker、权限或正确架构时，真实软件计划会被阻塞。[0m
          [36m</div>[39m
          [36m<div[39m
            [33mclass[39m=[32m"page-actions"[39m
          [36m>[39m
            [36m<button[39m
              [33mclass[39m=[32m"secondary"[39m
              [33mtype[39m=[32m"button"[39m
            [36m>[39m
              [0m重新检测电脑[0m
            [36m</button>[39m
            [36m<button[39m
              [33mclass[39m=[32m"primary"[39m
              [33mtype[39m=[32m"button"[39m
            [36m>[39m
              [0m下一步：部署预览 [0m
              [36m<span[39m
                [33maria-hidden[39m=[32m"true"[39m
              [36m>[39m
                [0m→[0m
              [36m</span>[39m
            [36m</button>[39m
          [36m</div>[39m
        [36m</main>[39m
        [36m<aside[39m
          [33maria-label[39m=[32m"状态与证据"[39m
          [33mclass[39m=[32m"evidence-panel"[39m
        [36m>[39m
          [36m<div[39m
            [33mclass[39m=[32m"aside-heading"[39m
          [36m>[39m
            [36m<span[39m
              [33mclass[39m=[32m"eyebrow"[39m
            [36m>[39m
              [0mSTATUS & EVIDENCE[0m
            [36m</span>[39m
            [36m<h2>[39m
              [0m每一步，都有依据[0m
            [36m</h2>[39m
          [36m</div>[39m
          [36m<div[39m
            [33mclass[39m=[32m"scope-card"[39m
          [36m>[39m
            [36m<span[39m
              [33mclass[39m=[32m"tag software-tag"[39m
            [36m>[39m
              [0m软件测试[0m
            [36m</span>[39m
            [36m<p>[39m
              [0m计划验证范围[0m
            [36m</p>[39m
            [36m<strong[39m
              [33mdata-testid[39m=[32m"verified-scope"[39m
            [36m>[39m
              [0msoftware / 待验证[0m
            [36m</strong>[39m
            [36m<small>[39m
              [0m仅检查 Docker/ROS 软件服务，不代表 D1 驱动、数据或运动已验证。[0m
            [36m</small>[39m
          [36m</div>[39m
          [36m<section[39m
            [33mclass[39m=[32m"evidence-section"[39m
          [36m>[39m
            [36m<div[39m
              [33mclass[39m=[32m"section-row"[39m
            [36m>[39m
              [36m<h3>[39m
                [0m真机遥测[0m
              [36m</h3>[39m
              [36m<span[39m
                [33mclass[39m=[32m"tag unknown-tag"[39m
                [33mdata-testid[39m=[32m"telemetry-state"[39m
              [36m>[39m
                [0mUNKNOWN[0m
              [36m</span>[39m
            [36m</div>[39m
            [36m<div[39m
              [33mclass[39m=[32m"telemetry-grid"[39m
            [36m>[39m
              [36m<div>[39m
                [36m<span>[39m
                  [0m电量[0m
                [36m</span>[39m
                [36m<strong[39m
                  [33mdata-testid[39m=[32m"battery-value"[39m
                [36m>[39m
                  [0m未知 [0m
                  [36m<small>[39m
                    [0mnull[0m
                  [36m</small>[39m
                [36m</strong>[39m
              [36m</div>[39m
              [36m<div>[39m
                [36m<span>[39m
                  [0m姿态[0m
                [36m</span>[39m
                [36m<strong[39m
                  [33mdata-testid[39m=[32m"pose-value"[39m
                [36m>[39m
                  [0m未知 [0m
                  [36m<small>[39m
                    [0mnull[0m
                  [36m</small>[39m
                [36m</strong>[39m
              [36m</div>[39m
            [36m</div>[39m
            [36m<p[39m
              [33mclass[39m=[32m"muted"[39m
            [36m>[39m
              [0m未连接机器人。缺失观测保持 null，不判断为正常。[0m
            [36m</p>[39m
            [36m<button[39m
              [33mclass[39m=[32m"motion-disabled"[39m
              [33mdisabled[39m=[32m""[39m
              [33mtype[39m=[32m"button"[39m
            [36m>[39m
              [0m运动控制未启用[0m
            [36m</button>[39m
          [36m</section>[39m
          [36m<section[39m
            [33mclass[39m=[32m"evidence-section"[39m
          [36m>[39m
            [36m<div[39m
              [33mclass[39m=[32m"section-row"[39m
            [36m>[39m
              [36m<h3>[39m
                [0m电脑检测[0m
              [36m</h3>[39m
              [36m<span[39m
                [33mclass[39m=[32m"tag neutral-tag"[39m
              [36m>[39m
                [0m真实只读[0m
              [36m</span>[39m
            [36m</div>[39m
            [36m<p[39m
              [33mclass[39m=[32m"muted"[39m
            [36m>[39m
              [0m来源：local_probe · 后端本机观测[0m
            [36m</p>[39m
            [36m<ul[39m
              [33mclass[39m=[32m"evidence-checks"[39m
            [36m>[39m
              [36m<li>[39m
                [36m<span[39m
                  [33mclass[39m=[32m"tiny-status status-pass"[39m
                [36m>[39m
                  [0mPASS[0m
                [36m</span>[39m
                [36m<span>[39m
                  [0mLinux aarch64 Docker 只读观测[0m
                [36m</span>[39m
              [36m</li>[39m
            [36m</ul>[39m
          [36m</section>[39m
          [36m<div[39m
            [33mclass[39m=[32m"boundary-note"[39m
          [36m>[39m
            [36m<span[39m
              [33maria-hidden[39m=[32m"true"[39m
            [36m>[39m
              [0m↳[0m
            [36m</span>[39m
            [36m<p>[39m
              [0m真实 CPU ROS 软件测试[0m
              [36m<br />[39m
              [36m<small>[39m
                [0m未接 SDK、未接真机、无运动指令[0m
              [36m</small>[39m
            [36m</p>[39m
          [36m</div>[39m
        [36m</aside>[39m
      [36m</div>[39m
      [36m<footer[39m
        [33mclass[39m=[32m"app-footer"[39m
      [36m>[39m
        [36m<span>[39m
          [0mD1Env / Foundation[0m
        [36m</span>[39m
        [36m<span>[39m
          [0m依据可查 · 范围明确 · 默认只读[0m
        [36m</span>[39m
        [36m<span>[39m
          [0m软件检查 ≠ D1 真机验证[0m
        [36m</span>[39m
      [36m</footer>[39m
    [36m</div>[39m
  [36m</div>[39m
[36m</body>[39m
 ❯ waitForWrapper node_modules/@testing-library/dom/dist/wait-for.js:163:27
 ❯ node_modules/@testing-library/dom/dist/query-helpers.js:86:33
 ❯ tests/unit/SoftwareApp.test.tsx:200:36
    198|     importFails = true;
    199|     const user = await softwareHost();
    200|     await user.upload(await screen.findByLabelText('随包 ROS 镜像文件'), new…
       |                                    ^
    201|     await user.click(screen.getByRole('button', { name: '导入随发行包提供的 ROS…
    202|     expect(await screen.findByText('IMPORT_DIGEST_MISMATCH')).toBeVisi…

⎯⎯⎯⎯⎯⎯⎯⎯⎯⎯⎯⎯⎯⎯⎯⎯⎯⎯⎯⎯⎯⎯⎯⎯[3/4]⎯

 FAIL  tests/unit/SoftwareApp.test.tsx > M3 软件模式的真实范围与生命周期 > 导入返回非发行镜像身份时不推断成功
TestingLibraryElementError: Unable to find a label with the text of: 随包 ROS 镜像文件

Ignored nodes: comments, script, style
[36m<body>[39m
  [36m<div>[39m
    [36m<div[39m
      [33mclass[39m=[32m"app-shell"[39m
    [36m>[39m
      [36m<header[39m
        [33mclass[39m=[32m"app-header"[39m
      [36m>[39m
        [36m<a[39m
          [33maria-label[39m=[32m"D1Env 首页"[39m
          [33mclass[39m=[32m"brand"[39m
          [33mhref[39m=[32m"/"[39m
        [36m>[39m
          [36m<span[39m
            [33maria-hidden[39m=[32m"true"[39m
            [33mclass[39m=[32m"brand-mark"[39m
          [36m>[39m
            [0mD1[0m
          [36m</span>[39m
          [36m<span>[39m
            [0mD1Env[0m
            [36m<small>[39m
              [0m机器人环境工作台[0m
            [36m</small>[39m
          [36m</span>[39m
        [36m</a>[39m
        [36m<div[39m
          [33mclass[39m=[32m"header-right"[39m
        [36m>[39m
          [36m<span[39m
            [33mclass[39m=[32m"local-label"[39m
          [36m>[39m
            [36m<i />[39m
            [0m 本地工作台[0m
          [36m</span>[39m
          [36m<span[39m
            [33mclass[39m=[32m"release-tag"[39m
          [36m>[39m
            [0mM3 · 软件部署与检查[0m
          [36m</span>[39m
        [36m</div>[39m
      [36m</header>[39m
      [36m<div[39m
        [33mclass[39m=[32m"mock-banner software-banner"[39m
        [33mdata-testid[39m=[32m"mode-watermark"[39m
      [36m>[39m
        [36m<span>[39m
          [0m真实软件测试 · Docker/ROS[0m
        [36m</span>[39m
        [36m<p>[39m
          [0m仅验证 CPU ROS 软件通信，未连接真机，未验证 D1 功能。[0m
        [36m</p>[39m
        [36m<strong>[39m
          [0m运动权限：未启用[0m
        [36m</strong>[39m
      [36m</div>[39m
      [36m<div[39m
        [33mclass[39m=[32m"workspace-title"[39m
      [36m>[39m
        [36m<div>[39m
          [36m<span[39m
            [33mclass[39m=[32m"eyebrow"[39m
          [36m>[39m
            [0mD1 ENVIRONMENT / FOUNDATION[0m
          [36m</span>[39m
          [36m<h2>[39m
            [0m把每一步，部署得明白。[0m
          [36m</h2>[39m
        [36m</div>[39m
        [36m<span[39m
          [33mclass[39m=[32m"workspace-version"[39m
        [36m>[39m
          [0m中文向导 [0m
          [36m<b>[39m
            [0m01[0m
          [36m</b>[39m
        [36m</span>[39m
      [36m</div>[39m
      [36m<nav[39m
        [33maria-label[39m=[32m"部署向导步骤"[39m
        [33mclass[39m=[32m"wizard-steps"[39m
      [36m>[39m
        [36m<button[39m
          [33maria-label[39m=[32m"1 使用方式"[39m
          [33mtype[39m=[32m"button"[39m
        [36m>[39m
          [36m<span[39m
            [33mclass[39m=[32m"step-number"[39m
          [36m>[39m
            [0m01[0m
          [36m</span>[39m
          [36m<span>[39m
            [0m使用方式[0m
          [36m</span>[39m
        [36m</button>[39m
        [36m<button[39m
          [33maria-label[39m=[32m"2 机器人配置"[39m
          [33mtype[39m=[32m"button"[39m
        [36m>[39m
          [36m<span[39m
            [33mclass[39m=[32m"step-number"[39m
          [36m>[39m
            [0m02[0m
          [36m</span>[39m
          [36m<span>[39m
            [0m机器人配置[0m
          [36m</span>[39m
        [36m</button>[39m
        [36m<button[39m
          [33maria-current[39m=[32m"step"[39m
          [33maria-label[39m=[32m"3 执行电脑"[39m
          [33mtype[39m=[32m"button"[39m
        [36m>[39m
          [36m<span[39m
            [33mclass[39m=[32m"step-number"[39m
          [36m>[39m
            [0m03[0m
          [36m</span>[39m
          [36m<span>[39m
            [0m执行电脑[0m
          [36m</span>[39m
        [36m</button>[39m
        [36m<button[39m
          [33maria-label[39m=[32m"4 部署预览"[39m
          [33mtype[39m=[32m"button"[39m
        [36m>[39m
          [36m<span[39m
            [33mclass[39m=[32m"step-number"[39m
          [36m>[39m
            [0m04[0m
          [36m</span>[39m
          [36m<span>[39m
            [0m部署预览[0m
          [36m</span>[39m
        [36m</button>[39m
        [36m<button[39m
          [33maria-label[39m=[32m"5 运行与结果"[39m
          [33mtype[39m=[32m"button"[39m
        [36m>[39m
          [36m<span[39m
            [33mclass[39m=[32m"step-number"[39m
          [36m>[39m
            [0m05[0m
          [36m</span>[39m
          [36m<span>[39m
            [0m运行与结果[0m
          [36m</span>[39m
        [36m</button>[39m
      [36m</nav>[39m
      [36m<div[39m
        [33mclass[39m=[32m"workspace-grid"[39m
      [36m>[39m
        [36m<main[39m
          [33mclass[39m=[32m"main-panel"[39m
        [36m>[39m
          [36m<div[39m
            [33mclass[39m=[32m"page-heading"[39m
          [36m>[39m
            [36m<span[39m
              [33mclass[39m=[32m"eyebrow"[39m
            [36m>[39m
              [0m03 / 只读检查[0m
            [36m</span>[39m
            [36m<h1>[39m
              [0m先了解执行电脑。[0m
            [36m</h1>[39m
            [36m<p>[39m
              [0m检测来自本地后端所在的电脑，浏览器访问端与执行端明确区分。不会安装或修改配置。[0m
            [36m</p>[39m
          [36m</div>[39m
          [36m<div[39m
            [33mclass[39m=[32m"host-card"[39m
          [36m>[39m
            [36m<div[39m
              [33mclass[39m=[32m"host-title"[39m
            [36m>[39m
              [36m<span[39m
                [33maria-hidden[39m=[32m"true"[39m
                [33mclass[39m=[32m"computer-icon"[39m
              [36m>[39m
                [0m▣[0m
              [36m</span>[39m
              [36m<div>[39m
                [36m<h2>[39m
                  [0m本地执行电脑[0m
                [36m</h2>[39m
                [36m<p>[39m
                  [0m目标 local · 后端本机[0m
                [36m</p>[39m
              [36m</div>[39m
              [36m<span[39m
                [33mclass[39m=[32m"tag neutral-tag"[39m
              [36m>[39m
                [0m检测已返回[0m
              [36m</span>[39m
            [36m</div>[39m
            [36m<dl[39m
              [33mclass[39m=[32m"host-facts"[39m
            [36m>[39m
              [36m<div>[39m
                [36m<dt>[39m
                  [0m操作系统[0m
                [36m</dt>[39m
                [36m<dd>[39m
                  [0mDarwin 26.0[0m
                [36m</dd>[39m
              [36m</div>[39m
              [36m<div>[39m
                [36m<dt>[39m
                  [0mCPU 架构[0m
                [36m</dt>[39m
                [36m<dd>[39m
                  [0maarch64[0m
                [36m</dd>[39m
              [36m</div>[39m
              [36m<div>[39m
                [36m<dt>[39m
                  [0m可用磁盘[0m
                [36m</dt>[39m
                [36m<dd>[39m
                  [0m18.6 GB[0m
                [36m</dd>[39m
              [36m</div>[39m
              [36m<div>[39m
                [36m<dt>[39m
                  [0mDocker[0m
                [36m</dt>[39m
                [36m<dd>[39m
                  [0m已检测到[0m
                [36m</dd>[39m
              [36m</div>[39m
              [36m<div>[39m
                [36m<dt>[39m
                  [0mDocker 访问[0m
                [36m</dt>[39m
                [36m<dd>[39m
                  [0m已检测到[0m
                [36m</dd>[39m
              [36m</div>[39m
              [36m<div>[39m
                [36m<dt>[39m
                  [0mCompose[0m
                [36m</dt>[39m
                [36m<dd>[39m
                  [0m已检测到[0m
                [36m</dd>[39m
              [36m</div>[39m
            [36m</dl>[39m
            [36m<p[39m
              [33mclass[39m=[32m"muted"[39m
            [36m>[39m
              [0m浏览器访问端：当前浏览器；其系统信息不参与后端兼容判定。[0m
            [36m</p>[39m
            [36m<dl[39m
              [33mclass[39m=[32m"host-facts"[39m
            [36m>[39m
              [36m<div>[39m
                [36m<dt>[39m
                  [0mDocker 执行环境[0m
                [36m</dt>[39m
                [36m<dd>[39m
                  [0mlinux[0m
                [36m</dd>[39m
              [36m</div>[39m
              [36m<div>[39m
                [36m<dt>[39m
                  [0mDocker CPU 架构[0m
                [36m</dt>[39m
                [36m<dd>[39m
                  [0maarch64[0m
                [36m</dd>[39m
              [36m</div>[39m
              [36m<div>[39m
                [36m<dt>[39m
                  [0mDocker 版本[0m
                [36m</dt>[39m
                [36m<dd>[39m
                  [0munit-version[0m
                [36m</dd>[39m
              [36m</div>[39m
            [36m</dl>[39m
            [36m<details>[39m
              [36m<summary>[39m
                [0m网卡、GPU 与观测时间[0m
              [36m</summary>[39m
              [36m<dl>[39m
                [36m<dt>[39m
                  [0m本机网卡名称[0m
                [36m</dt>[39m
                [36m<dd>[39m
                  [0mlo0[0m
                [36m</dd>[39m
                [36m<dt>[39m
                  [0mGPU 观测[0m
                [36m</dt>[39m
                [36m<dd>[39m
                  [0m未知[0m
                  [0m · 当前 CPU 测试不需要 GPU[0m
                [36m</dd>[39m
                [36m<dt>[39m
                  [0m观测时间[0m
                [36m</dt>[39m
                [36m<dd>[39m
                  [0m2026-10-06T08:00:00Z[0m
                [36m</dd>[39m
              [36m</dl>[39m
            [36m</details>[39m
          [36m</div>[39m
          [36m<div[39m
            [33mclass[39m=[32m"check-details"[39m
          [36m>[39m
            [36m<article>[39m
              [36m<div[39m
                [33mclass[39m=[32m"section-row"[39m
              [36m>[39m
                [36m<strong>[39m
                  [0mDOCKER_RUNTIME[0m
                [36m</strong>[39m
                [36m<span[39m
                  [33mclass[39m=[32m"tiny-status status-pass"[39m
                [36m>[39m
                  [0mPASS[0m
                [36m</span>[39m
              [36m</div>[39m
              [36m<p>[39m
                [0mLinux aarch64 Docker 只读观测[0m
              [36m</p>[39m
              [36m<p[39m
                [33mclass[39m=[32m"muted"[39m
              [36m>[39m
                [0m下一步：[0m
                [0m审阅真实软件计划[0m
              [36m</p>[39m
              [36m<details>[39m
                [36m<summary>[39m
                  [0m检测证据 · [0m
                  [0mlocal_probe[0m
                [36m</summary>[39m
                [36m<pre>[39m
                  [0m{
  "runtime": "linux"
}[0m
                [36m</pre>[39m
                [36m<small>[39m
                  [0m观测时间：[0m
                  [0m2026-10-06T08:00:00Z[0m
                [36m</small>[39m
              [36m</details>[39m
            [36m</article>[39m
          [36m</div>[39m
          [36m<div[39m
            [33mclass[39m=[32m"notice neutral"[39m
          [36m>[39m
            [0mMac 本机系统与 Docker 中的 Linux 执行环境分开记录；缺少 Docker、权限或正确架构时，真实软件计划会被阻塞。[0m
          [36m</div>[39m
          [36m<div[39m
            [33mclass[39m=[32m"page-actions"[39m
          [36m>[39m
            [36m<button[39m
              [33mclass[39m=[32m"secondary"[39m
              [33mtype[39m=[32m"button"[39m
            [36m>[39m
              [0m重新检测电脑[0m
            [36m</button>[39m
            [36m<button[39m
              [33mclass[39m=[32m"primary"[39m
              [33mtype[39m=[32m"button"[39m
            [36m>[39m
              [0m下一步：部署预览 [0m
              [36m<span[39m
                [33maria-hidden[39m=[32m"true"[39m
              [36m>[39m
                [0m→[0m
              [36m</span>[39m
            [36m</button>[39m
          [36m</div>[39m
        [36m</main>[39m
        [36m<aside[39m
          [33maria-label[39m=[32m"状态与证据"[39m
          [33mclass[39m=[32m"evidence-panel"[39m
        [36m>[39m
          [36m<div[39m
            [33mclass[39m=[32m"aside-heading"[39m
          [36m>[39m
            [36m<span[39m
              [33mclass[39m=[32m"eyebrow"[39m
            [36m>[39m
              [0mSTATUS & EVIDENCE[0m
            [36m</span>[39m
            [36m<h2>[39m
              [0m每一步，都有依据[0m
            [36m</h2>[39m
          [36m</div>[39m
          [36m<div[39m
            [33mclass[39m=[32m"scope-card"[39m
          [36m>[39m
            [36m<span[39m
              [33mclass[39m=[32m"tag software-tag"[39m
            [36m>[39m
              [0m软件测试[0m
            [36m</span>[39m
            [36m<p>[39m
              [0m计划验证范围[0m
            [36m</p>[39m
            [36m<strong[39m
              [33mdata-testid[39m=[32m"verified-scope"[39m
            [36m>[39m
              [0msoftware / 待验证[0m
            [36m</strong>[39m
            [36m<small>[39m
              [0m仅检查 Docker/ROS 软件服务，不代表 D1 驱动、数据或运动已验证。[0m
            [36m</small>[39m
          [36m</div>[39m
          [36m<section[39m
            [33mclass[39m=[32m"evidence-section"[39m
          [36m>[39m
            [36m<div[39m
              [33mclass[39m=[32m"section-row"[39m
            [36m>[39m
              [36m<h3>[39m
                [0m真机遥测[0m
              [36m</h3>[39m
              [36m<span[39m
                [33mclass[39m=[32m"tag unknown-tag"[39m
                [33mdata-testid[39m=[32m"telemetry-state"[39m
              [36m>[39m
                [0mUNKNOWN[0m
              [36m</span>[39m
            [36m</div>[39m
            [36m<div[39m
              [33mclass[39m=[32m"telemetry-grid"[39m
            [36m>[39m
              [36m<div>[39m
                [36m<span>[39m
                  [0m电量[0m
                [36m</span>[39m
                [36m<strong[39m
                  [33mdata-testid[39m=[32m"battery-value"[39m
                [36m>[39m
                  [0m未知 [0m
                  [36m<small>[39m
                    [0mnull[0m
                  [36m</small>[39m
                [36m</strong>[39m
              [36m</div>[39m
              [36m<div>[39m
                [36m<span>[39m
                  [0m姿态[0m
                [36m</span>[39m
                [36m<strong[39m
                  [33mdata-testid[39m=[32m"pose-value"[39m
                [36m>[39m
                  [0m未知 [0m
                  [36m<small>[39m
                    [0mnull[0m
                  [36m</small>[39m
                [36m</strong>[39m
              [36m</div>[39m
            [36m</div>[39m
            [36m<p[39m
              [33mclass[39m=[32m"muted"[39m
            [36m>[39m
              [0m未连接机器人。缺失观测保持 null，不判断为正常。[0m
            [36m</p>[39m
            [36m<button[39m
              [33mclass[39m=[32m"motion-disabled"[39m
              [33mdisabled[39m=[32m""[39m
              [33mtype[39m=[32m"button"[39m
            [36m>[39m
              [0m运动控制未启用[0m
            [36m</button>[39m
          [36m</section>[39m
          [36m<section[39m
            [33mclass[39m=[32m"evidence-section"[39m
          [36m>[39m
            [36m<div[39m
              [33mclass[39m=[32m"section-row"[39m
            [36m>[39m
              [36m<h3>[39m
                [0m电脑检测[0m
              [36m</h3>[39m
              [36m<span[39m
                [33mclass[39m=[32m"tag neutral-tag"[39m
              [36m>[39m
                [0m真实只读[0m
              [36m</span>[39m
            [36m</div>[39m
            [36m<p[39m
              [33mclass[39m=[32m"muted"[39m
            [36m>[39m
              [0m来源：local_probe · 后端本机观测[0m
            [36m</p>[39m
            [36m<ul[39m
              [33mclass[39m=[32m"evidence-checks"[39m
            [36m>[39m
              [36m<li>[39m
                [36m<span[39m
                  [33mclass[39m=[32m"tiny-status status-pass"[39m
                [36m>[39m
                  [0mPASS[0m
                [36m</span>[39m
                [36m<span>[39m
                  [0mLinux aarch64 Docker 只读观测[0m
                [36m</span>[39m
              [36m</li>[39m
            [36m</ul>[39m
          [36m</section>[39m
          [36m<div[39m
            [33mclass[39m=[32m"boundary-note"[39m
          [36m>[39m
            [36m<span[39m
              [33maria-hidden[39m=[32m"true"[39m
            [36m>[39m
              [0m↳[0m
            [36m</span>[39m
            [36m<p>[39m
              [0m真实 CPU ROS 软件测试[0m
              [36m<br />[39m
              [36m<small>[39m
                [0m未接 SDK、未接真机、无运动指令[0m
              [36m</small>[39m
            [36m</p>[39m
          [36m</div>[39m
        [36m</aside>[39m
      [36m</div>[39m
      [36m<footer[39m
        [33mclass[39m=[32m"app-footer"[39m
      [36m>[39m
        [36m<span>[39m
          [0mD1Env / Foundation[0m
        [36m</span>[39m
        [36m<span>[39m
          [0m依据可查 · 范围明确 · 默认只读[0m
        [36m</span>[39m
        [36m<span>[39m
          [0m软件检查 ≠ D1 真机验证[0m
        [36m</span>[39m
      [36m</footer>[39m
    [36m</div>[39m
  [36m</div>[39m
[36m</body>[39m

Ignored nodes: comments, script, style
[36m<body>[39m
  [36m<div>[39m
    [36m<div[39m
      [33mclass[39m=[32m"app-shell"[39m
    [36m>[39m
      [36m<header[39m
        [33mclass[39m=[32m"app-header"[39m
      [36m>[39m
        [36m<a[39m
          [33maria-label[39m=[32m"D1Env 首页"[39m
          [33mclass[39m=[32m"brand"[39m
          [33mhref[39m=[32m"/"[39m
        [36m>[39m
          [36m<span[39m
            [33maria-hidden[39m=[32m"true"[39m
            [33mclass[39m=[32m"brand-mark"[39m
          [36m>[39m
            [0mD1[0m
          [36m</span>[39m
          [36m<span>[39m
            [0mD1Env[0m
            [36m<small>[39m
              [0m机器人环境工作台[0m
            [36m</small>[39m
          [36m</span>[39m
        [36m</a>[39m
        [36m<div[39m
          [33mclass[39m=[32m"header-right"[39m
        [36m>[39m
          [36m<span[39m
            [33mclass[39m=[32m"local-label"[39m
          [36m>[39m
            [36m<i />[39m
            [0m 本地工作台[0m
          [36m</span>[39m
          [36m<span[39m
            [33mclass[39m=[32m"release-tag"[39m
          [36m>[39m
            [0mM3 · 软件部署与检查[0m
          [36m</span>[39m
        [36m</div>[39m
      [36m</header>[39m
      [36m<div[39m
        [33mclass[39m=[32m"mock-banner software-banner"[39m
        [33mdata-testid[39m=[32m"mode-watermark"[39m
      [36m>[39m
        [36m<span>[39m
          [0m真实软件测试 · Docker/ROS[0m
        [36m</span>[39m
        [36m<p>[39m
          [0m仅验证 CPU ROS 软件通信，未连接真机，未验证 D1 功能。[0m
        [36m</p>[39m
        [36m<strong>[39m
          [0m运动权限：未启用[0m
        [36m</strong>[39m
      [36m</div>[39m
      [36m<div[39m
        [33mclass[39m=[32m"workspace-title"[39m
      [36m>[39m
        [36m<div>[39m
          [36m<span[39m
            [33mclass[39m=[32m"eyebrow"[39m
          [36m>[39m
            [0mD1 ENVIRONMENT / FOUNDATION[0m
          [36m</span>[39m
          [36m<h2>[39m
            [0m把每一步，部署得明白。[0m
          [36m</h2>[39m
        [36m</div>[39m
        [36m<span[39m
          [33mclass[39m=[32m"workspace-version"[39m
        [36m>[39m
          [0m中文向导 [0m
          [36m<b>[39m
            [0m01[0m
          [36m</b>[39m
        [36m</span>[39m
      [36m</div>[39m
      [36m<nav[39m
        [33maria-label[39m=[32m"部署向导步骤"[39m
        [33mclass[39m=[32m"wizard-steps"[39m
      [36m>[39m
        [36m<button[39m
          [33maria-label[39m=[32m"1 使用方式"[39m
          [33mtype[39m=[32m"button"[39m
        [36m>[39m
          [36m<span[39m
            [33mclass[39m=[32m"step-number"[39m
          [36m>[39m
            [0m01[0m
          [36m</span>[39m
          [36m<span>[39m
            [0m使用方式[0m
          [36m</span>[39m
        [36m</button>[39m
        [36m<button[39m
          [33maria-label[39m=[32m"2 机器人配置"[39m
          [33mtype[39m=[32m"button"[39m
        [36m>[39m
          [36m<span[39m
            [33mclass[39m=[32m"step-number"[39m
          [36m>[39m
            [0m02[0m
          [36m</span>[39m
          [36m<span>[39m
            [0m机器人配置[0m
          [36m</span>[39m
        [36m</button>[39m
        [36m<button[39m
          [33maria-current[39m=[32m"step"[39m
          [33maria-label[39m=[32m"3 执行电脑"[39m
          [33mtype[39m=[32m"button"[39m
        [36m>[39m
          [36m<span[39m
            [33mclass[39m=[32m"step-number"[39m
          [36m>[39m
            [0m03[0m
          [36m</span>[39m
          [36m<span>[39m
            [0m执行电脑[0m
          [36m</span>[39m
        [36m</button>[39m
        [36m<button[39m
          [33maria-label[39m=[32m"4 部署预览"[39m
          [33mtype[39m=[32m"button"[39m
        [36m>[39m
          [36m<span[39m
            [33mclass[39m=[32m"step-number"[39m
          [36m>[39m
            [0m04[0m
          [36m</span>[39m
          [36m<span>[39m
            [0m部署预览[0m
          [36m</span>[39m
        [36m</button>[39m
        [36m<button[39m
          [33maria-label[39m=[32m"5 运行与结果"[39m
          [33mtype[39m=[32m"button"[39m
        [36m>[39m
          [36m<span[39m
            [33mclass[39m=[32m"step-number"[39m
          [36m>[39m
            [0m05[0m
          [36m</span>[39m
          [36m<span>[39m
            [0m运行与结果[0m
          [36m</span>[39m
        [36m</button>[39m
      [36m</nav>[39m
      [36m<div[39m
        [33mclass[39m=[32m"workspace-grid"[39m
      [36m>[39m
        [36m<main[39m
          [33mclass[39m=[32m"main-panel"[39m
        [36m>[39m
          [36m<div[39m
            [33mclass[39m=[32m"page-heading"[39m
          [36m>[39m
            [36m<span[39m
              [33mclass[39m=[32m"eyebrow"[39m
            [36m>[39m
              [0m03 / 只读检查[0m
            [36m</span>[39m
            [36m<h1>[39m
              [0m先了解执行电脑。[0m
            [36m</h1>[39m
            [36m<p>[39m
              [0m检测来自本地后端所在的电脑，浏览器访问端与执行端明确区分。不会安装或修改配置。[0m
            [36m</p>[39m
          [36m</div>[39m
          [36m<div[39m
            [33mclass[39m=[32m"host-card"[39m
          [36m>[39m
            [36m<div[39m
              [33mclass[39m=[32m"host-title"[39m
            [36m>[39m
              [36m<span[39m
                [33maria-hidden[39m=[32m"true"[39m
                [33mclass[39m=[32m"computer-icon"[39m
              [36m>[39m
                [0m▣[0m
              [36m</span>[39m
              [36m<div>[39m
                [36m<h2>[39m
                  [0m本地执行电脑[0m
                [36m</h2>[39m
                [36m<p>[39m
                  [0m目标 local · 后端本机[0m
                [36m</p>[39m
              [36m</div>[39m
              [36m<span[39m
                [33mclass[39m=[32m"tag neutral-tag"[39m
              [36m>[39m
                [0m检测已返回[0m
              [36m</span>[39m
            [36m</div>[39m
            [36m<dl[39m
              [33mclass[39m=[32m"host-facts"[39m
            [36m>[39m
              [36m<div>[39m
                [36m<dt>[39m
                  [0m操作系统[0m
                [36m</dt>[39m
                [36m<dd>[39m
                  [0mDarwin 26.0[0m
                [36m</dd>[39m
              [36m</div>[39m
              [36m<div>[39m
                [36m<dt>[39m
                  [0mCPU 架构[0m
                [36m</dt>[39m
                [36m<dd>[39m
                  [0maarch64[0m
                [36m</dd>[39m
              [36m</div>[39m
              [36m<div>[39m
                [36m<dt>[39m
                  [0m可用磁盘[0m
                [36m</dt>[39m
                [36m<dd>[39m
                  [0m18.6 GB[0m
                [36m</dd>[39m
              [36m</div>[39m
              [36m<div>[39m
                [36m<dt>[39m
                  [0mDocker[0m
                [36m</dt>[39m
                [36m<dd>[39m
                  [0m已检测到[0m
                [36m</dd>[39m
              [36m</div>[39m
              [36m<div>[39m
                [36m<dt>[39m
                  [0mDocker 访问[0m
                [36m</dt>[39m
                [36m<dd>[39m
                  [0m已检测到[0m
                [36m</dd>[39m
              [36m</div>[39m
              [36m<div>[39m
                [36m<dt>[39m
                  [0mCompose[0m
                [36m</dt>[39m
                [36m<dd>[39m
                  [0m已检测到[0m
                [36m</dd>[39m
              [36m</div>[39m
            [36m</dl>[39m
            [36m<p[39m
              [33mclass[39m=[32m"muted"[39m
            [36m>[39m
              [0m浏览器访问端：当前浏览器；其系统信息不参与后端兼容判定。[0m
            [36m</p>[39m
            [36m<dl[39m
              [33mclass[39m=[32m"host-facts"[39m
            [36m>[39m
              [36m<div>[39m
                [36m<dt>[39m
                  [0mDocker 执行环境[0m
                [36m</dt>[39m
                [36m<dd>[39m
                  [0mlinux[0m
                [36m</dd>[39m
              [36m</div>[39m
              [36m<div>[39m
                [36m<dt>[39m
                  [0mDocker CPU 架构[0m
                [36m</dt>[39m
                [36m<dd>[39m
                  [0maarch64[0m
                [36m</dd>[39m
              [36m</div>[39m
              [36m<div>[39m
                [36m<dt>[39m
                  [0mDocker 版本[0m
                [36m</dt>[39m
                [36m<dd>[39m
                  [0munit-version[0m
                [36m</dd>[39m
              [36m</div>[39m
            [36m</dl>[39m
            [36m<details>[39m
              [36m<summary>[39m
                [0m网卡、GPU 与观测时间[0m
              [36m</summary>[39m
              [36m<dl>[39m
                [36m<dt>[39m
                  [0m本机网卡名称[0m
                [36m</dt>[39m
                [36m<dd>[39m
                  [0mlo0[0m
                [36m</dd>[39m
                [36m<dt>[39m
                  [0mGPU 观测[0m
                [36m</dt>[39m
                [36m<dd>[39m
                  [0m未知[0m
                  [0m · 当前 CPU 测试不需要 GPU[0m
                [36m</dd>[39m
                [36m<dt>[39m
                  [0m观测时间[0m
                [36m</dt>[39m
                [36m<dd>[39m
                  [0m2026-10-06T08:00:00Z[0m
                [36m</dd>[39m
              [36m</dl>[39m
            [36m</details>[39m
          [36m</div>[39m
          [36m<div[39m
            [33mclass[39m=[32m"check-details"[39m
          [36m>[39m
            [36m<article>[39m
              [36m<div[39m
                [33mclass[39m=[32m"section-row"[39m
              [36m>[39m
                [36m<strong>[39m
                  [0mDOCKER_RUNTIME[0m
                [36m</strong>[39m
                [36m<span[39m
                  [33mclass[39m=[32m"tiny-status status-pass"[39m
                [36m>[39m
                  [0mPASS[0m
                [36m</span>[39m
              [36m</div>[39m
              [36m<p>[39m
                [0mLinux aarch64 Docker 只读观测[0m
              [36m</p>[39m
              [36m<p[39m
                [33mclass[39m=[32m"muted"[39m
              [36m>[39m
                [0m下一步：[0m
                [0m审阅真实软件计划[0m
              [36m</p>[39m
              [36m<details>[39m
                [36m<summary>[39m
                  [0m检测证据 · [0m
                  [0mlocal_probe[0m
                [36m</summary>[39m
                [36m<pre>[39m
                  [0m{
  "runtime": "linux"
}[0m
                [36m</pre>[39m
                [36m<small>[39m
                  [0m观测时间：[0m
                  [0m2026-10-06T08:00:00Z[0m
                [36m</small>[39m
              [36m</details>[39m
            [36m</article>[39m
          [36m</div>[39m
          [36m<div[39m
            [33mclass[39m=[32m"notice neutral"[39m
          [36m>[39m
            [0mMac 本机系统与 Docker 中的 Linux 执行环境分开记录；缺少 Docker、权限或正确架构时，真实软件计划会被阻塞。[0m
          [36m</div>[39m
          [36m<div[39m
            [33mclass[39m=[32m"page-actions"[39m
          [36m>[39m
            [36m<button[39m
              [33mclass[39m=[32m"secondary"[39m
              [33mtype[39m=[32m"button"[39m
            [36m>[39m
              [0m重新检测电脑[0m
            [36m</button>[39m
            [36m<button[39m
              [33mclass[39m=[32m"primary"[39m
              [33mtype[39m=[32m"button"[39m
            [36m>[39m
              [0m下一步：部署预览 [0m
              [36m<span[39m
                [33maria-hidden[39m=[32m"true"[39m
              [36m>[39m
                [0m→[0m
              [36m</span>[39m
            [36m</button>[39m
          [36m</div>[39m
        [36m</main>[39m
        [36m<aside[39m
          [33maria-label[39m=[32m"状态与证据"[39m
          [33mclass[39m=[32m"evidence-panel"[39m
        [36m>[39m
          [36m<div[39m
            [33mclass[39m=[32m"aside-heading"[39m
          [36m>[39m
            [36m<span[39m
              [33mclass[39m=[32m"eyebrow"[39m
            [36m>[39m
              [0mSTATUS & EVIDENCE[0m
            [36m</span>[39m
            [36m<h2>[39m
              [0m每一步，都有依据[0m
            [36m</h2>[39m
          [36m</div>[39m
          [36m<div[39m
            [33mclass[39m=[32m"scope-card"[39m
          [36m>[39m
            [36m<span[39m
              [33mclass[39m=[32m"tag software-tag"[39m
            [36m>[39m
              [0m软件测试[0m
            [36m</span>[39m
            [36m<p>[39m
              [0m计划验证范围[0m
            [36m</p>[39m
            [36m<strong[39m
              [33mdata-testid[39m=[32m"verified-scope"[39m
            [36m>[39m
              [0msoftware / 待验证[0m
            [36m</strong>[39m
            [36m<small>[39m
              [0m仅检查 Docker/ROS 软件服务，不代表 D1 驱动、数据或运动已验证。[0m
            [36m</small>[39m
          [36m</div>[39m
          [36m<section[39m
            [33mclass[39m=[32m"evidence-section"[39m
          [36m>[39m
            [36m<div[39m
              [33mclass[39m=[32m"section-row"[39m
            [36m>[39m
              [36m<h3>[39m
                [0m真机遥测[0m
              [36m</h3>[39m
              [36m<span[39m
                [33mclass[39m=[32m"tag unknown-tag"[39m
                [33mdata-testid[39m=[32m"telemetry-state"[39m
              [36m>[39m
                [0mUNKNOWN[0m
              [36m</span>[39m
            [36m</div>[39m
            [36m<div[39m
              [33mclass[39m=[32m"telemetry-grid"[39m
            [36m>[39m
              [36m<div>[39m
                [36m<span>[39m
                  [0m电量[0m
                [36m</span>[39m
                [36m<strong[39m
                  [33mdata-testid[39m=[32m"battery-value"[39m
                [36m>[39m
                  [0m未知 [0m
                  [36m<small>[39m
                    [0mnull[0m
                  [36m</small>[39m
                [36m</strong>[39m
              [36m</div>[39m
              [36m<div>[39m
                [36m<span>[39m
                  [0m姿态[0m
                [36m</span>[39m
                [36m<strong[39m
                  [33mdata-testid[39m=[32m"pose-value"[39m
                [36m>[39m
                  [0m未知 [0m
                  [36m<small>[39m
                    [0mnull[0m
                  [36m</small>[39m
                [36m</strong>[39m
              [36m</div>[39m
            [36m</div>[39m
            [36m<p[39m
              [33mclass[39m=[32m"muted"[39m
            [36m>[39m
              [0m未连接机器人。缺失观测保持 null，不判断为正常。[0m
            [36m</p>[39m
            [36m<button[39m
              [33mclass[39m=[32m"motion-disabled"[39m
              [33mdisabled[39m=[32m""[39m
              [33mtype[39m=[32m"button"[39m
            [36m>[39m
              [0m运动控制未启用[0m
            [36m</button>[39m
          [36m</section>[39m
          [36m<section[39m
            [33mclass[39m=[32m"evidence-section"[39m
          [36m>[39m
            [36m<div[39m
              [33mclass[39m=[32m"section-row"[39m
            [36m>[39m
              [36m<h3>[39m
                [0m电脑检测[0m
              [36m</h3>[39m
              [36m<span[39m
                [33mclass[39m=[32m"tag neutral-tag"[39m
              [36m>[39m
                [0m真实只读[0m
              [36m</span>[39m
            [36m</div>[39m
            [36m<p[39m
              [33mclass[39m=[32m"muted"[39m
            [36m>[39m
              [0m来源：local_probe · 后端本机观测[0m
            [36m</p>[39m
            [36m<ul[39m
              [33mclass[39m=[32m"evidence-checks"[39m
            [36m>[39m
              [36m<li>[39m
                [36m<span[39m
                  [33mclass[39m=[32m"tiny-status status-pass"[39m
                [36m>[39m
                  [0mPASS[0m
                [36m</span>[39m
                [36m<span>[39m
                  [0mLinux aarch64 Docker 只读观测[0m
                [36m</span>[39m
              [36m</li>[39m
            [36m</ul>[39m
          [36m</section>[39m
          [36m<div[39m
            [33mclass[39m=[32m"boundary-note"[39m
          [36m>[39m
            [36m<span[39m
              [33maria-hidden[39m=[32m"true"[39m
            [36m>[39m
              [0m↳[0m
            [36m</span>[39m
            [36m<p>[39m
              [0m真实 CPU ROS 软件测试[0m
              [36m<br />[39m
              [36m<small>[39m
                [0m未接 SDK、未接真机、无运动指令[0m
              [36m</small>[39m
            [36m</p>[39m
          [36m</div>[39m
        [36m</aside>[39m
      [36m</div>[39m
      [36m<footer[39m
        [33mclass[39m=[32m"app-footer"[39m
      [36m>[39m
        [36m<span>[39m
          [0mD1Env / Foundation[0m
        [36m</span>[39m
        [36m<span>[39m
          [0m依据可查 · 范围明确 · 默认只读[0m
        [36m</span>[39m
        [36m<span>[39m
          [0m软件检查 ≠ D1 真机验证[0m
        [36m</span>[39m
      [36m</footer>[39m
    [36m</div>[39m
  [36m</div>[39m
[36m</body>[39m
 ❯ waitForWrapper node_modules/@testing-library/dom/dist/wait-for.js:163:27
 ❯ node_modules/@testing-library/dom/dist/query-helpers.js:86:33
 ❯ tests/unit/SoftwareApp.test.tsx:211:36
    209|     importUnverified = true;
    210|     const user = await softwareHost();
    211|     await user.upload(await screen.findByLabelText('随包 ROS 镜像文件'), new…
       |                                    ^
    212|     await user.click(screen.getByRole('button', { name: '导入随发行包提供的 ROS…
    213|     expect(await screen.findByText('IMPORT_RESULT_UNVERIFIED')).toBeVi…

⎯⎯⎯⎯⎯⎯⎯⎯⎯⎯⎯⎯⎯⎯⎯⎯⎯⎯⎯⎯⎯⎯⎯⎯[4/4]⎯


 Test Files  1 failed | 1 passed (2)
      Tests  4 failed | 19 passed (23)
   Start at  02:15:19
   Duration  5.50s (tests 83%, environment 9%, setup 3%, transform 3%, import 1%)


EXIT_CODE=1
