
> d1env-frontend@0.1.0 test
> vitest --run


 RUN  v5.0.3 [LOCAL_PATH]

 ❯ tests/unit/SoftwareApp.test.tsx (17 tests | 5 failed) 4178ms
   ❯ M3 软件模式的真实范围与生命周期 (17)
     × 软件当前健康读取失去会话时立即降级 UNKNOWN，保留历史成功与步骤证据 87ms
     × 软件健康请求挂起时五秒有效期后降级 UNKNOWN，不无限保留绿色状态 68ms
     × 软件 FAILED 可显式清理本作业遗留服务，再重试原计划 1006ms
     × 软件 INTERRUPTED 可显式清理本作业遗留服务，再重试原计划 1009ms
     × 从历史软件作业入口恢复已移除的指针，同步原范围与故障场景并可清理 1008ms

⎯⎯⎯⎯⎯⎯⎯ Failed Tests 5 ⎯⎯⎯⎯⎯⎯⎯

 FAIL  tests/unit/SoftwareApp.test.tsx > M3 软件模式的真实范围与生命周期 > 软件当前健康读取失去会话时立即降级 UNKNOWN，保留历史成功与步骤证据
TestingLibraryElementError: Unable to find an accessible element with the role "heading" and name "部署曾完成，当前软件状态未知"

Here are the accessible roles:

  banner:

  Name "":
  [36m<header[39m
    [33mclass[39m=[32m"app-header"[39m
  [36m/>[39m

  --------------------------------------------------
  link:

  Name "D1Env 首页":
  [36m<a[39m
    [33maria-label[39m=[32m"D1Env 首页"[39m
    [33mclass[39m=[32m"brand"[39m
    [33mhref[39m=[32m"/"[39m
  [36m/>[39m

  --------------------------------------------------
  paragraph:

  Name "":
  [36m<p />[39m

  Name "":
  [36m<p />[39m

  Name "":
  [36m<p />[39m

  Name "":
  [36m<p />[39m

  Name "":
  [36m<p />[39m

  Name "":
  [36m<p[39m
    [33mclass[39m=[32m"event-message"[39m
  [36m/>[39m

  Name "":
  [36m<p[39m
    [33mclass[39m=[32m"muted"[39m
  [36m/>[39m

  Name "":
  [36m<p />[39m

  Name "":
  [36m<p[39m
    [33mclass[39m=[32m"muted"[39m
  [36m/>[39m

  Name "":
  [36m<p[39m
    [33mclass[39m=[32m"muted"[39m
  [36m/>[39m

  Name "":
  [36m<p />[39m

  --------------------------------------------------
  strong:

  Name "":
  [36m<strong />[39m

  Name "":
  [36m<strong />[39m

  Name "":
  [36m<strong[39m
    [33mdata-testid[39m=[32m"job-state"[39m
  [36m/>[39m

  Name "":
  [36m<strong />[39m

  Name "":
  [36m<strong />[39m

  Name "":
  [36m<strong />[39m

  Name "":
  [36m<strong />[39m

  Name "":
  [36m<strong />[39m

  Name "":
  [36m<strong />[39m

  Name "":
  [36m<strong />[39m

  Name "":
  [36m<strong />[39m

  Name "":
  [36m<strong />[39m

  Name "":
  [36m<strong[39m
    [33mdata-testid[39m=[32m"verified-scope"[39m
  [36m/>[39m

  Name "":
  [36m<strong[39m
    [33mdata-testid[39m=[32m"battery-value"[39m
  [36m/>[39m

  Name "":
  [36m<strong[39m
    [33mdata-testid[39m=[32m"pose-value"[39m
  [36m/>[39m

  --------------------------------------------------
  heading:

  Name "把每一步，部署得明白。":
  [36m<h2 />[39m

  Name "作业状态读取失败":
  [36m<h2 />[39m

  Name "软件环境检查通过，未连接真机":
  [36m<h1 />[39m

  Name "工件核验记录":
  [36m<h3 />[39m

  Name "容器运行":
  [36m<h3 />[39m

  Name "ROS 软件消息":
  [36m<h3 />[39m

  Name "D1 功能":
  [36m<h3 />[39m

  Name "步骤与观测证据":
  [36m<h2 />[39m

  Name "每一步，都有依据":
  [36m<h2 />[39m

  Name "真机遥测":
  [36m<h3 />[39m

  Name "电脑检测":
  [36m<h3 />[39m

  --------------------------------------------------
  navigation:

  Name "部署向导步骤":
  [36m<nav[39m
    [33maria-label[39m=[32m"部署向导步骤"[39m
    [33mclass[39m=[32m"wizard-steps"[39m
  [36m/>[39m

  --------------------------------------------------
  button:

  Name "1 使用方式":
  [36m<button[39m
    [33maria-label[39m=[32m"1 使用方式"[39m
    [33mtype[39m=[32m"button"[39m
  [36m/>[39m

  Name "2 机器人配置":
  [36m<button[39m
    [33maria-label[39m=[32m"2 机器人配置"[39m
    [33mtype[39m=[32m"button"[39m
  [36m/>[39m

  Name "3 执行电脑":
  [36m<button[39m
    [33maria-label[39m=[32m"3 执行电脑"[39m
    [33mtype[39m=[32m"button"[39m
  [36m/>[39m

  Name "4 部署预览":
  [36m<button[39m
    [33maria-label[39m=[32m"4 部署预览"[39m
    [33mtype[39m=[32m"button"[39m
  [36m/>[39m

  Name "5 运行与结果":
  [36m<button[39m
    [33maria-current[39m=[32m"step"[39m
    [33maria-label[39m=[32m"5 运行与结果"[39m
    [33mtype[39m=[32m"button"[39m
  [36m/>[39m

  Name "停止测试服务":
  [36m<button[39m
    [33mclass[39m=[32m"secondary"[39m
    [33mtype[39m=[32m"button"[39m
  [36m/>[39m

  Name "生成去敏诊断报告":
  [36m<button[39m
    [33mclass[39m=[32m"secondary"[39m
    [33mtype[39m=[32m"button"[39m
  [36m/>[39m

  Name "运动控制未启用":
  [36m<button[39m
    [33mclass[39m=[32m"motion-disabled"[39m
    [33mdisabled[39m=[32m""[39m
    [33mtype[39m=[32m"button"[39m
  [36m/>[39m

  --------------------------------------------------
  main:

  Name "":
  [36m<main[39m
    [33mclass[39m=[32m"main-panel"[39m
  [36m/>[39m

  --------------------------------------------------
  alert:

  Name "":
  [36m<section[39m
    [33mclass[39m=[32m"request-error"[39m
    [33mrole[39m=[32m"alert"[39m
  [36m/>[39m

  --------------------------------------------------
  article:

  Name "":
  [36m<article />[39m

  --------------------------------------------------
  time:

  Name "":
  [36m<time />[39m

  --------------------------------------------------
  group:

  Name "":
  [36m<details />[39m

  --------------------------------------------------
  checkbox:

  Name "遮盖 IP / 序列号":
  [36m<input[39m
    [33mchecked[39m=[32m""[39m
    [33mtype[39m=[32m"checkbox"[39m
  [36m/>[39m

  --------------------------------------------------
  complementary:

  Name "状态与证据":
  [36m<aside[39m
    [33maria-label[39m=[32m"状态与证据"[39m
    [33mclass[39m=[32m"evidence-panel"[39m
  [36m/>[39m

  --------------------------------------------------
  contentinfo:

  Name "":
  [36m<footer[39m
    [33mclass[39m=[32m"app-footer"[39m
  [36m/>[39m

  --------------------------------------------------

Ignored nodes: comments, script, style
[36m<body>[39m
  [36m<div>[39m
    [36m<div[39m
      [33mclass[39m=[32m"app-shell"[39m
    [36m>[39m
      [36m<header[39m
        [33mclass[39m=[32m"app-header"[39m
      [36m>[39m
        [36m<a[39m
          [33maria-label[39m=[32m"D1Env 首页"[39m
          [33mclass[39m=[32m"brand"[39m
          [33mhref[39m=[32m"/"[39m
        [36m>[39m
          [36m<span[39m
            [33maria-hidden[39m=[32m"true"[39m
            [33mclass[39m=[32m"brand-mark"[39m
          [36m>[39m
            [0mD1[0m
          [36m</span>[39m
          [36m<span>[39m
            [0mD1Env[0m
            [36m<small>[39m
              [0m机器人环境工作台[0m
            [36m</small>[39m
          [36m</span>[39m
        [36m</a>[39m
        [36m<div[39m
          [33mclass[39m=[32m"header-right"[39m
        [36m>[39m
          [36m<span[39m
            [33mclass[39m=[32m"local-label"[39m
          [36m>[39m
            [36m<i />[39m
            [0m 本地工作台[0m
          [36m</span>[39m
          [36m<span[39m
            [33mclass[39m=[32m"release-tag"[39m
          [36m>[39m
            [0mM3 · 软件部署与检查[0m
          [36m</span>[39m
        [36m</div>[39m
      [36m</header>[39m
      [36m<div[39m
        [33mclass[39m=[32m"mock-banner software-banner"[39m
        [33mdata-testid[39m=[32m"mode-watermark"[39m
      [36m>[39m
        [36m<span>[39m
          [0m真实软件测试 · Docker/ROS[0m
        [36m</span>[39m
        [36m<p>[39m
          [0m仅验证 CPU ROS 软件通信，未连接真机，未验证 D1 功能。[0m
        [36m</p>[39m
        [36m<strong>[39m
          [0m运动权限：未启用[0m
        [36m</strong>[39m
      [36m</div>[39m
      [36m<div[39m
        [33mclass[39m=[32m"workspace-title"[39m
      [36m>[39m
        [36m<div>[39m
          [36m<span[39m
            [33mclass[39m=[32m"eyebrow"[39m
          [36m>[39m
            [0mD1 ENVIRONMENT / FOUNDATION[0m
          [36m</span>[39m
          [36m<h2>[39m
            [0m把每一步，部署得明白。[0m
          [36m</h2>[39m
        [36m</div>[39m
        [36m<span[39m
          [33mclass[39m=[32m"workspace-version"[39m
        [36m>[39m
          [0m中文向导 [0m
          [36m<b>[39m
            [0m01[0m
          [36m</b>[39m
        [36m</span>[39m
      [36m</div>[39m
      [36m<nav[39m
        [33maria-label[39m=[32m"部署向导步骤"[39m
        [33mclass[39m=[32m"wizard-steps"[39m
      [36m>[39m
        [36m<button[39m
          [33maria-label[39m=[32m"1 使用方式"[39m
          [33mtype[39m=[32m"button"[39m
        [36m>[39m
          [36m<span[39m
            [33mclass[39m=[32m"step-number"[39m
          [36m>[39m
            [0m01[0m
          [36m</span>[39m
          [36m<span>[39m
            [0m使用方式[0m
          [36m</span>[39m
        [36m</button>[39m
        [36m<button[39m
          [33maria-label[39m=[32m"2 机器人配置"[39m
          [33mtype[39m=[32m"button"[39m
        [36m>[39m
          [36m<span[39m
            [33mclass[39m=[32m"step-number"[39m
          [36m>[39m
            [0m02[0m
          [36m</span>[39m
          [36m<span>[39m
            [0m机器人配置[0m
          [36m</span>[39m
        [36m</button>[39m
        [36m<button[39m
          [33maria-label[39m=[32m"3 执行电脑"[39m
          [33mtype[39m=[32m"button"[39m
        [36m>[39m
          [36m<span[39m
            [33mclass[39m=[32m"step-number"[39m
          [36m>[39m
            [0m03[0m
          [36m</span>[39m
          [36m<span>[39m
            [0m执行电脑[0m
          [36m</span>[39m
        [36m</button>[39m
        [36m<button[39m
          [33maria-label[39m=[32m"4 部署预览"[39m
          [33mtype[39m=[32m"button"[39m
        [36m>[39m
          [36m<span[39m
            [33mclass[39m=[32m"step-number"[39m
          [36m>[39m
            [0m04[0m
          [36m</span>[39m
          [36m<span>[39m
            [0m部署预览[0m
          [36m</span>[39m
        [36m</button>[39m
        [36m<button[39m
          [33maria-current[39m=[32m"step"[39m
          [33maria-label[39m=[32m"5 运行与结果"[39m
          [33mtype[39m=[32m"button"[39m
        [36m>[39m
          [36m<span[39m
            [33mclass[39m=[32m"step-number"[39m
          [36m>[39m
            [0m05[0m
          [36m</span>[39m
          [36m<span>[39m
            [0m运行与结果[0m
          [36m</span>[39m
        [36m</button>[39m
      [36m</nav>[39m
      [36m<div[39m
        [33mclass[39m=[32m"workspace-grid"[39m
      [36m>[39m
        [36m<main[39m
          [33mclass[39m=[32m"main-panel"[39m
        [36m>[39m
          [36m<section[39m
            [33mclass[39m=[32m"request-error"[39m
            [33mrole[39m=[32m"alert"[39m
          [36m>[39m
            [36m<span[39m
              [33mclass[39m=[32m"eyebrow"[39m
            [36m>[39m
              [0m请求未完成[0m
            [36m</span>[39m
            [36m<h2>[39m
              [0m作业状态读取[0m
              [0m失败[0m
            [36m</h2>[39m
            [36m<strong>[39m
              [0mSESSION_REQUIRED[0m
            [36m</strong>[39m
            [36m<p>[39m
              [0m检测证据：[0m
              [0m本地会话已失效[0m
            [36m</p>[39m
            [36m<p>[39m
              [0m下一步：[0m
              [0m从启动入口重新打开工作台[0m
            [36m</p>[39m
            [36m<small>[39m
              [0m没有收到有效响应时，界面不会推断部署成功。[0m
            [36m</small>[39m
          [36m</section>[39m
          [36m<div[39m
            [33mclass[39m=[32m"page-heading"[39m
          [36m>[39m
            [36m<span[39m
              [33mclass[39m=[32m"eyebrow"[39m
            [36m>[39m
              [0m05 / 结果[0m
            [36m</span>[39m
            [36m<h1>[39m
              [0m软件环境检查通过，未连接真机[0m
            [36m</h1>[39m
            [36m<p>[39m
              [0m状态来自服务端当前软件检查。页面每三秒读取；服务失效会撤销历史成功。[0m
            [36m</p>[39m
          [36m</div>[39m
          [36m<div[39m
            [33mclass[39m=[32m"job-summary  "[39m
          [36m>[39m
            [36m<span[39m
              [33maria-hidden[39m=[32m"true"[39m
              [33mclass[39m=[32m"result-symbol"[39m
            [36m>[39m
              [0m✓[0m
            [36m</span>[39m
            [36m<div>[39m
              [36m<div[39m
                [33mclass[39m=[32m"section-row"[39m
              [36m>[39m
                [36m<strong[39m
                  [33mdata-testid[39m=[32m"job-state"[39m
                [36m>[39m
                  [0mSUCCEEDED[0m
                [36m</strong>[39m
                [36m<span[39m
                  [33mclass[39m=[32m"tag software-tag"[39m
                [36m>[39m
                  [0m真实软件测试[0m
                  [0m / [0m
                  [0msoftware[0m
                [36m</span>[39m
              [36m</div>[39m
              [36m<p>[39m
                [0m作业 [0m
                [36m<span[39m
                  [33mclass[39m=[32m"mono"[39m
                  [33mdata-testid[39m=[32m"job-id"[39m
                [36m>[39m
                  [0msoftware-job-1[0m
                [36m</span>[39m
              [36m</p>[39m
              [36m<small>[39m
                [0m状态事件时间：[0m
                [0m2026-10-06T08:00:00Z[0m
              [36m</small>[39m
            [36m</div>[39m
          [36m</div>[39m
          [36m<div[39m
            [33mclass[39m=[32m"result-proof-grid"[39m
          [36m>[39m
            [36m<div>[39m
              [36m<span>[39m
                [0m软件执行[0m
              [36m</span>[39m
              [36m<strong>[39m
                [0mSUCCEEDED[0m
              [36m</strong>[39m
            [36m</div>[39m
            [36m<div>[39m
              [36m<span>[39m
                [0m真实 Docker[0m
              [36m</span>[39m
              [36m<strong>[39m
                [0m当前软件检查通过[0m
              [36m</strong>[39m
            [36m</div>[39m
            [36m<div>[39m
              [36m<span>[39m
                [0m真机数据[0m
              [36m</span>[39m
              [36m<strong>[39m
                [0mUNKNOWN[0m
              [36m</strong>[39m
            [36m</div>[39m
            [36m<div>[39m
              [36m<span>[39m
                [0m运动权限[0m
              [36m</span>[39m
              [36m<strong>[39m
                [0m未启用[0m
              [36m</strong>[39m
            [36m</div>[39m
          [36m</div>[39m
          [36m<div[39m
            [33mclass[39m=[32m"software-layers"[39m
          [36m>[39m
            [36m<section>[39m
              [36m<h3>[39m
                [0m工件核验记录[0m
              [36m</h3>[39m
              [36m<strong>[39m
                [0mUNKNOWN[0m
              [36m</strong>[39m
            [36m</section>[39m
            [36m<section>[39m
              [36m<h3>[39m
                [0m容器运行[0m
              [36m</h3>[39m
              [36m<strong>[39m
                [0m当前检查通过[0m
              [36m</strong>[39m
            [36m</section>[39m
            [36m<section>[39m
              [36m<h3>[39m
                [0mROS 软件消息[0m
              [36m</h3>[39m
              [36m<strong>[39m
                [0m新鲜度检查通过[0m
              [36m</strong>[39m
            [36m</section>[39m
            [36m<section>[39m
              [36m<h3>[39m
                [0mD1 功能[0m
              [36m</h3>[39m
              [36m<strong>[39m
                [0m未实施 / 未验证[0m
              [36m</strong>[39m
            [36m</section>[39m
          [36m</div>[39m
          [36m<section[39m
            [33mclass[39m=[32m"job-events"[39m
          [36m>[39m
            [36m<div[39m
              [33mclass[39m=[32m"section-row"[39m
            [36m>[39m
              [36m<h2>[39m
                [0m步骤与观测证据[0m
              [36m</h2>[39m
              [36m<span[39m
                [33mclass[39m=[32m"tag neutral-tag"[39m
              [36m>[39m
                [0m1[0m
                [0m 条事件[0m
              [36m</span>[39m
            [36m</div>[39m
            [36m<article>[39m
              [36m<div[39m
                [33mclass[39m=[32m"event-meta"[39m
              [36m>[39m
                [36m<span>[39m
                  [0m01[0m
                [36m</span>[39m
                [36m<strong>[39m
                  [0mverify[0m
                [36m</strong>[39m
                [36m<span>[39m
                  [0mdocker[0m
                  [0m · [0m
                  [0msoftware_test[0m
                [36m</span>[39m
                [36m<time>[39m
                  [0m2026-10-06T08:00:00Z[0m
                [36m</time>[39m
              [36m</div>[39m
              [36m<p[39m
                [33mclass[39m=[32m"event-message"[39m
              [36m>[39m
                [0m测试节点已接收新鲜 ROS 消息[0m
              [36m</p>[39m
              [36m<details>[39m
                [36m<summary>[39m
                  [0m检测证据[0m
                [36m</summary>[39m
                [36m<pre>[39m
                  [0m{
  "fresh_messages": true,
  "sample_count": 5
}[0m
                [36m</pre>[39m
              [36m</details>[39m
            [36m</article>[39m
          [36m</section>[39m
          [36m<div[39m
            [33mclass[39m=[32m"export-options"[39m
          [36m>[39m
            [36m<label>[39m
              [36m<input[39m
                [33mchecked[39m=[32m""[39m
                [33mtype[39m=[32m"checkbox"[39m
              [36m/>[39m
              [0m遮盖 IP / 序列号[0m
            [36m</label>[39m
            [36m<span>[39m
              [0m会话令牌、密钥等凭据始终去敏。[0m
            [36m</span>[39m
          [36m</div>[39m
          [36m<div[39m
            [33mclass[39m=[32m"job-actions"[39m
          [36m>[39m
            [36m<button[39m
              [33mclass[39m=[32m"secondary"[39m
              [33mtype[39m=[32m"button"[39m
            [36m>[39m
              [0m停止测试服务[0m
            [36m</button>[39m
            [36m<button[39m
              [33mclass[39m=[32m"secondary"[39m
              [33mtype[39m=[32m"button"[39m
            [36m>[39m
              [0m生成去敏诊断报告[0m
            [36m</button>[39m
          [36m</div>[39m
          [36m<p[39m
            [33mclass[39m=[32m"muted"[39m
          [36m>[39m
            [0m停止或取消只清理当前作业拥有的容器与网络，保留镜像及用户数据。[0m
            [0m软件停止请求不等于硬件急停。[0m
          [36m</p>[39m
        [36m</main>[39m
        [36m<aside[39m
          [33maria-label[39m=[32m"状态与证据"[39m
          [33mclass[39m=[32m"evidence-panel"[39m
        [36m>[39m
          [36m<div[39m
            [33mclass[39m=[32m"aside-heading"[39m
          [36m>[39m
            [36m<span[39m
              [33mclass[39m=[32m"eyebrow"[39m
            [36m>[39m
              [0mSTATUS & EVIDENCE[0m
            [36m</span>[39m
            [36m<h2>[39m
              [0m每一步，都有依据[0m
            [36m</h2>[39m
          [36m</div>[39m
          [36m<div[39m
            [33mclass[39m=[32m"scope-card"[39m
          [36m>[39m
            [36m<span[39m
              [33mclass[39m=[32m"tag software-tag"[39m
            [36m>[39m
              [0m软件测试[0m
            [36m</span>[39m
            [36m<p>[39m
              [0m当前作业范围[0m
            [36m</p>[39m
            [36m<strong[39m
              [33mdata-testid[39m=[32m"verified-scope"[39m
            [36m>[39m
              [0msoftware[0m
            [36m</strong>[39m
            [36m<small>[39m
              [0m仅检查 Docker/ROS 软件服务，不代表 D1 驱动、数据或运动已验证。[0m
            [36m</small>[39m
          [36m</div>[39m
          [36m<section[39m
            [33mclass[39m=[32m"evidence-section"[39m
          [36m>[39m
            [36m<div[39m
              [33mclass[39m=[32m"section-row"[39m
            [36m>[39m
              [36m<h3>[39m
                [0m真机遥测[0m
              [36m</h3>[39m
              [36m<span[39m
                [33mclass[39m=[32m"tag unknown-tag"[39m
                [33mdata-testid[39m=[32m"telemetry-state"[39m
              [36m>[39m
                [0mUNKNOWN[0m
              [36m</span>[39m
            [36m</div>[39m
            [36m<div[39m
              [33mclass[39m=[32m"telemetry-grid"[39m
            [36m>[39m
              [36m<div>[39m
                [36m<span>[39m
                  [0m电量[0m
                [36m</span>[39m
                [36m<strong[39m
                  [33mdata-testid[39m=[32m"battery-value"[39m
                [36m>[39m
                  [0m未知 [0m
                  [36m<small>[39m
                    [0mnull[0m
                  [36m</small>[39m
                [36m</strong>[39m
              [36m</div>[39m
              [36m<div>[39m
                [36m<span>[39m
                  [0m姿态[0m
                [36m</span>[39m
                [36m<strong[39m
                  [33mdata-testid[39m=[32m"pose-value"[39m
                [36m>[39m
                  [0m未知 [0m
                  [36m<small>[39m
                    [0mnull[0m
                  [36m</small>[39m
                [36m</strong>[39m
              [36m</div>[39m
            [36m</div>[39m
            [36m<p[39m
              [33mclass[39m=[32m"muted"[39m
            [36m>[39m
              [0m未连接机器人。缺失观测保持 null，不判断为正常。[0m
            [36m</p>[39m
            [36m<button[39m
              [33mclass[39m=[32m"motion-disabled"[39m
              [33mdisabled[39m=[32m""[39m
              [33mtype[39m=[32m"button"[39m
            [36m>[39m
              [0m运动控制未启用[0m
            [36m</button>[39m
          [36m</section>[39m
          [36m<section[39m
            [33mclass[39m=[32m"evidence-section"[39m
          [36m>[39m
            [36m<div[39m
              [33mclass[39m=[32m"section-row"[39m
            [36m>[39m
              [36m<h3>[39m
                [0m电脑检测[0m
              [36m</h3>[39m
              [36m<span[39m
                [33mclass[39m=[32m"tag neutral-tag"[39m
              [36m>[39m
                [0m待检测[0m
              [36m</span>[39m
            [36m</div>[39m
            [36m<p[39m
              [33mclass[39m=[32m"muted"[39m
            [36m>[39m
              [0m执行电脑信息将由后端获取。浏览器不会自报检测结果。[0m
            [36m</p>[39m
          [36m</section>[39m
          [36m<div[39m
            [33mclass[39m=[32m"boundary-note"[39m
          [36m>[39m
            [36m<span[39m
              [33maria-hidden[39m=[32m"true"[39m
            [36m>[39m
              [0m↳[0m
            [36m</span>[39m
            [36m<p>[39m
              [0m真实 CPU ROS 软件测试[0m
              [36m<br />[39m
              [36m<small>[39m
                [0m未接 SDK、未接真机、无运动指令[0m
              [36m</small>[39m
            [36m</p>[39m
          [36m</div>[39m
        [36m</aside>[39m
      [36m</div>[39m
      [36m<footer[39m
        [33mclass[39m=[32m"app-footer"[39m
      [36m>[39m
        [36m<span>[39m
          [0mD1Env / Foundation[0m
        [36m</span>[39m
        [36m<span>[39m
          [0m依据可查 · 范围明确 · 默认只读[0m
        [36m</span>[39m
        [36m<span>[39m
          [0m软件检查 ≠ D1 真机验证[0m
        [36m</span>[39m
      [36m</footer>[39m
    [36m</div>[39m
  [36m</div>[39m
[36m</body>[39m
 ❯ Object.getElementError node_modules/@testing-library/dom/dist/config.js:37:19
 ❯ node_modules/@testing-library/dom/dist/query-helpers.js:76:38
 ❯ node_modules/@testing-library/dom/dist/query-helpers.js:52:17
 ❯ node_modules/@testing-library/dom/dist/query-helpers.js:95:19
 ❯ tests/unit/SoftwareApp.test.tsx:247:19
    245|     jobReadFails = true;
    246|     await act(async () => { await vi.advanceTimersByTimeAsync(3000); }…
    247|     expect(screen.getByRole('heading', { name: '部署曾完成，当前软件状态未知' })).to…
       |                   ^
    248|     expect(screen.getByText('CURRENT_HEALTH_UNAVAILABLE')).toBeVisible…
    249|     expect(screen.getByTestId('job-state')).toHaveTextContent('SUCCEED…

⎯⎯⎯⎯⎯⎯⎯⎯⎯⎯⎯⎯⎯⎯⎯⎯⎯⎯⎯⎯⎯⎯⎯⎯[1/5]⎯

 FAIL  tests/unit/SoftwareApp.test.tsx > M3 软件模式的真实范围与生命周期 > 软件健康请求挂起时五秒有效期后降级 UNKNOWN，不无限保留绿色状态
TestingLibraryElementError: Unable to find an accessible element with the role "heading" and name "部署曾完成，当前软件状态未知"

Here are the accessible roles:

  banner:

  Name "":
  [36m<header[39m
    [33mclass[39m=[32m"app-header"[39m
  [36m/>[39m

  --------------------------------------------------
  link:

  Name "D1Env 首页":
  [36m<a[39m
    [33maria-label[39m=[32m"D1Env 首页"[39m
    [33mclass[39m=[32m"brand"[39m
    [33mhref[39m=[32m"/"[39m
  [36m/>[39m

  --------------------------------------------------
  paragraph:

  Name "":
  [36m<p />[39m

  Name "":
  [36m<p />[39m

  Name "":
  [36m<p />[39m

  Name "":
  [36m<p[39m
    [33mclass[39m=[32m"event-message"[39m
  [36m/>[39m

  Name "":
  [36m<p[39m
    [33mclass[39m=[32m"muted"[39m
  [36m/>[39m

  Name "":
  [36m<p />[39m

  Name "":
  [36m<p[39m
    [33mclass[39m=[32m"muted"[39m
  [36m/>[39m

  Name "":
  [36m<p[39m
    [33mclass[39m=[32m"muted"[39m
  [36m/>[39m

  Name "":
  [36m<p />[39m

  --------------------------------------------------
  strong:

  Name "":
  [36m<strong />[39m

  Name "":
  [36m<strong[39m
    [33mdata-testid[39m=[32m"job-state"[39m
  [36m/>[39m

  Name "":
  [36m<strong />[39m

  Name "":
  [36m<strong />[39m

  Name "":
  [36m<strong />[39m

  Name "":
  [36m<strong />[39m

  Name "":
  [36m<strong />[39m

  Name "":
  [36m<strong />[39m

  Name "":
  [36m<strong />[39m

  Name "":
  [36m<strong />[39m

  Name "":
  [36m<strong />[39m

  Name "":
  [36m<strong[39m
    [33mdata-testid[39m=[32m"verified-scope"[39m
  [36m/>[39m

  Name "":
  [36m<strong[39m
    [33mdata-testid[39m=[32m"battery-value"[39m
  [36m/>[39m

  Name "":
  [36m<strong[39m
    [33mdata-testid[39m=[32m"pose-value"[39m
  [36m/>[39m

  --------------------------------------------------
  heading:

  Name "把每一步，部署得明白。":
  [36m<h2 />[39m

  Name "软件环境检查通过，未连接真机":
  [36m<h1 />[39m

  Name "工件核验记录":
  [36m<h3 />[39m

  Name "容器运行":
  [36m<h3 />[39m

  Name "ROS 软件消息":
  [36m<h3 />[39m

  Name "D1 功能":
  [36m<h3 />[39m

  Name "步骤与观测证据":
  [36m<h2 />[39m

  Name "每一步，都有依据":
  [36m<h2 />[39m

  Name "真机遥测":
  [36m<h3 />[39m

  Name "电脑检测":
  [36m<h3 />[39m

  --------------------------------------------------
  navigation:

  Name "部署向导步骤":
  [36m<nav[39m
    [33maria-label[39m=[32m"部署向导步骤"[39m
    [33mclass[39m=[32m"wizard-steps"[39m
  [36m/>[39m

  --------------------------------------------------
  button:

  Name "1 使用方式":
  [36m<button[39m
    [33maria-label[39m=[32m"1 使用方式"[39m
    [33mtype[39m=[32m"button"[39m
  [36m/>[39m

  Name "2 机器人配置":
  [36m<button[39m
    [33maria-label[39m=[32m"2 机器人配置"[39m
    [33mtype[39m=[32m"button"[39m
  [36m/>[39m

  Name "3 执行电脑":
  [36m<button[39m
    [33maria-label[39m=[32m"3 执行电脑"[39m
    [33mtype[39m=[32m"button"[39m
  [36m/>[39m

  Name "4 部署预览":
  [36m<button[39m
    [33maria-label[39m=[32m"4 部署预览"[39m
    [33mtype[39m=[32m"button"[39m
  [36m/>[39m

  Name "5 运行与结果":
  [36m<button[39m
    [33maria-current[39m=[32m"step"[39m
    [33maria-label[39m=[32m"5 运行与结果"[39m
    [33mtype[39m=[32m"button"[39m
  [36m/>[39m

  Name "停止测试服务":
  [36m<button[39m
    [33mclass[39m=[32m"secondary"[39m
    [33mtype[39m=[32m"button"[39m
  [36m/>[39m

  Name "生成去敏诊断报告":
  [36m<button[39m
    [33mclass[39m=[32m"secondary"[39m
    [33mtype[39m=[32m"button"[39m
  [36m/>[39m

  Name "运动控制未启用":
  [36m<button[39m
    [33mclass[39m=[32m"motion-disabled"[39m
    [33mdisabled[39m=[32m""[39m
    [33mtype[39m=[32m"button"[39m
  [36m/>[39m

  --------------------------------------------------
  main:

  Name "":
  [36m<main[39m
    [33mclass[39m=[32m"main-panel"[39m
  [36m/>[39m

  --------------------------------------------------
  article:

  Name "":
  [36m<article />[39m

  --------------------------------------------------
  time:

  Name "":
  [36m<time />[39m

  --------------------------------------------------
  group:

  Name "":
  [36m<details />[39m

  --------------------------------------------------
  checkbox:

  Name "遮盖 IP / 序列号":
  [36m<input[39m
    [33mchecked[39m=[32m""[39m
    [33mtype[39m=[32m"checkbox"[39m
  [36m/>[39m

  --------------------------------------------------
  complementary:

  Name "状态与证据":
  [36m<aside[39m
    [33maria-label[39m=[32m"状态与证据"[39m
    [33mclass[39m=[32m"evidence-panel"[39m
  [36m/>[39m

  --------------------------------------------------
  contentinfo:

  Name "":
  [36m<footer[39m
    [33mclass[39m=[32m"app-footer"[39m
  [36m/>[39m

  --------------------------------------------------

Ignored nodes: comments, script, style
[36m<body>[39m
  [36m<div>[39m
    [36m<div[39m
      [33mclass[39m=[32m"app-shell"[39m
    [36m>[39m
      [36m<header[39m
        [33mclass[39m=[32m"app-header"[39m
      [36m>[39m
        [36m<a[39m
          [33maria-label[39m=[32m"D1Env 首页"[39m
          [33mclass[39m=[32m"brand"[39m
          [33mhref[39m=[32m"/"[39m
        [36m>[39m
          [36m<span[39m
            [33maria-hidden[39m=[32m"true"[39m
            [33mclass[39m=[32m"brand-mark"[39m
          [36m>[39m
            [0mD1[0m
          [36m</span>[39m
          [36m<span>[39m
            [0mD1Env[0m
            [36m<small>[39m
              [0m机器人环境工作台[0m
            [36m</small>[39m
          [36m</span>[39m
        [36m</a>[39m
        [36m<div[39m
          [33mclass[39m=[32m"header-right"[39m
        [36m>[39m
          [36m<span[39m
            [33mclass[39m=[32m"local-label"[39m
          [36m>[39m
            [36m<i />[39m
            [0m 本地工作台[0m
          [36m</span>[39m
          [36m<span[39m
            [33mclass[39m=[32m"release-tag"[39m
          [36m>[39m
            [0mM3 · 软件部署与检查[0m
          [36m</span>[39m
        [36m</div>[39m
      [36m</header>[39m
      [36m<div[39m
        [33mclass[39m=[32m"mock-banner software-banner"[39m
        [33mdata-testid[39m=[32m"mode-watermark"[39m
      [36m>[39m
        [36m<span>[39m
          [0m真实软件测试 · Docker/ROS[0m
        [36m</span>[39m
        [36m<p>[39m
          [0m仅验证 CPU ROS 软件通信，未连接真机，未验证 D1 功能。[0m
        [36m</p>[39m
        [36m<strong>[39m
          [0m运动权限：未启用[0m
        [36m</strong>[39m
      [36m</div>[39m
      [36m<div[39m
        [33mclass[39m=[32m"workspace-title"[39m
      [36m>[39m
        [36m<div>[39m
          [36m<span[39m
            [33mclass[39m=[32m"eyebrow"[39m
          [36m>[39m
            [0mD1 ENVIRONMENT / FOUNDATION[0m
          [36m</span>[39m
          [36m<h2>[39m
            [0m把每一步，部署得明白。[0m
          [36m</h2>[39m
        [36m</div>[39m
        [36m<span[39m
          [33mclass[39m=[32m"workspace-version"[39m
        [36m>[39m
          [0m中文向导 [0m
          [36m<b>[39m
            [0m01[0m
          [36m</b>[39m
        [36m</span>[39m
      [36m</div>[39m
      [36m<nav[39m
        [33maria-label[39m=[32m"部署向导步骤"[39m
        [33mclass[39m=[32m"wizard-steps"[39m
      [36m>[39m
        [36m<button[39m
          [33maria-label[39m=[32m"1 使用方式"[39m
          [33mtype[39m=[32m"button"[39m
        [36m>[39m
          [36m<span[39m
            [33mclass[39m=[32m"step-number"[39m
          [36m>[39m
            [0m01[0m
          [36m</span>[39m
          [36m<span>[39m
            [0m使用方式[0m
          [36m</span>[39m
        [36m</button>[39m
        [36m<button[39m
          [33maria-label[39m=[32m"2 机器人配置"[39m
          [33mtype[39m=[32m"button"[39m
        [36m>[39m
          [36m<span[39m
            [33mclass[39m=[32m"step-number"[39m
          [36m>[39m
            [0m02[0m
          [36m</span>[39m
          [36m<span>[39m
            [0m机器人配置[0m
          [36m</span>[39m
        [36m</button>[39m
        [36m<button[39m
          [33maria-label[39m=[32m"3 执行电脑"[39m
          [33mtype[39m=[32m"button"[39m
        [36m>[39m
          [36m<span[39m
            [33mclass[39m=[32m"step-number"[39m
          [36m>[39m
            [0m03[0m
          [36m</span>[39m
          [36m<span>[39m
            [0m执行电脑[0m
          [36m</span>[39m
        [36m</button>[39m
        [36m<button[39m
          [33maria-label[39m=[32m"4 部署预览"[39m
          [33mtype[39m=[32m"button"[39m
        [36m>[39m
          [36m<span[39m
            [33mclass[39m=[32m"step-number"[39m
          [36m>[39m
            [0m04[0m
          [36m</span>[39m
          [36m<span>[39m
            [0m部署预览[0m
          [36m</span>[39m
        [36m</button>[39m
        [36m<button[39m
          [33maria-current[39m=[32m"step"[39m
          [33maria-label[39m=[32m"5 运行与结果"[39m
          [33mtype[39m=[32m"button"[39m
        [36m>[39m
          [36m<span[39m
            [33mclass[39m=[32m"step-number"[39m
          [36m>[39m
            [0m05[0m
          [36m</span>[39m
          [36m<span>[39m
            [0m运行与结果[0m
          [36m</span>[39m
        [36m</button>[39m
      [36m</nav>[39m
      [36m<div[39m
        [33mclass[39m=[32m"workspace-grid"[39m
      [36m>[39m
        [36m<main[39m
          [33mclass[39m=[32m"main-panel"[39m
        [36m>[39m
          [36m<div[39m
            [33mclass[39m=[32m"page-heading"[39m
          [36m>[39m
            [36m<span[39m
              [33mclass[39m=[32m"eyebrow"[39m
            [36m>[39m
              [0m05 / 结果[0m
            [36m</span>[39m
            [36m<h1>[39m
              [0m软件环境检查通过，未连接真机[0m
            [36m</h1>[39m
            [36m<p>[39m
              [0m状态来自服务端当前软件检查。页面每三秒读取；服务失效会撤销历史成功。[0m
            [36m</p>[39m
          [36m</div>[39m
          [36m<div[39m
            [33mclass[39m=[32m"job-summary  "[39m
          [36m>[39m
            [36m<span[39m
              [33maria-hidden[39m=[32m"true"[39m
              [33mclass[39m=[32m"result-symbol"[39m
            [36m>[39m
              [0m✓[0m
            [36m</span>[39m
            [36m<div>[39m
              [36m<div[39m
                [33mclass[39m=[32m"section-row"[39m
              [36m>[39m
                [36m<strong[39m
                  [33mdata-testid[39m=[32m"job-state"[39m
                [36m>[39m
                  [0mSUCCEEDED[0m
                [36m</strong>[39m
                [36m<span[39m
                  [33mclass[39m=[32m"tag software-tag"[39m
                [36m>[39m
                  [0m真实软件测试[0m
                  [0m / [0m
                  [0msoftware[0m
                [36m</span>[39m
              [36m</div>[39m
              [36m<p>[39m
                [0m作业 [0m
                [36m<span[39m
                  [33mclass[39m=[32m"mono"[39m
                  [33mdata-testid[39m=[32m"job-id"[39m
                [36m>[39m
                  [0msoftware-job-1[0m
                [36m</span>[39m
              [36m</p>[39m
              [36m<small>[39m
                [0m状态事件时间：[0m
                [0m2026-10-06T08:00:00Z[0m
              [36m</small>[39m
            [36m</div>[39m
          [36m</div>[39m
          [36m<div[39m
            [33mclass[39m=[32m"result-proof-grid"[39m
          [36m>[39m
            [36m<div>[39m
              [36m<span>[39m
                [0m软件执行[0m
              [36m</span>[39m
              [36m<strong>[39m
                [0mSUCCEEDED[0m
              [36m</strong>[39m
            [36m</div>[39m
            [36m<div>[39m
              [36m<span>[39m
                [0m真实 Docker[0m
              [36m</span>[39m
              [36m<strong>[39m
                [0m当前软件检查通过[0m
              [36m</strong>[39m
            [36m</div>[39m
            [36m<div>[39m
              [36m<span>[39m
                [0m真机数据[0m
              [36m</span>[39m
              [36m<strong>[39m
                [0mUNKNOWN[0m
              [36m</strong>[39m
            [36m</div>[39m
            [36m<div>[39m
              [36m<span>[39m
                [0m运动权限[0m
              [36m</span>[39m
              [36m<strong>[39m
                [0m未启用[0m
              [36m</strong>[39m
            [36m</div>[39m
          [36m</div>[39m
          [36m<div[39m
            [33mclass[39m=[32m"software-layers"[39m
          [36m>[39m
            [36m<section>[39m
              [36m<h3>[39m
                [0m工件核验记录[0m
              [36m</h3>[39m
              [36m<strong>[39m
                [0mUNKNOWN[0m
              [36m</strong>[39m
            [36m</section>[39m
            [36m<section>[39m
              [36m<h3>[39m
                [0m容器运行[0m
              [36m</h3>[39m
              [36m<strong>[39m
                [0m当前检查通过[0m
              [36m</strong>[39m
            [36m</section>[39m
            [36m<section>[39m
              [36m<h3>[39m
                [0mROS 软件消息[0m
              [36m</h3>[39m
              [36m<strong>[39m
                [0m新鲜度检查通过[0m
              [36m</strong>[39m
            [36m</section>[39m
            [36m<section>[39m
              [36m<h3>[39m
                [0mD1 功能[0m
              [36m</h3>[39m
              [36m<strong>[39m
                [0m未实施 / 未验证[0m
              [36m</strong>[39m
            [36m</section>[39m
          [36m</div>[39m
          [36m<section[39m
            [33mclass[39m=[32m"job-events"[39m
          [36m>[39m
            [36m<div[39m
              [33mclass[39m=[32m"section-row"[39m
            [36m>[39m
              [36m<h2>[39m
                [0m步骤与观测证据[0m
              [36m</h2>[39m
              [36m<span[39m
                [33mclass[39m=[32m"tag neutral-tag"[39m
              [36m>[39m
                [0m1[0m
                [0m 条事件[0m
              [36m</span>[39m
            [36m</div>[39m
            [36m<article>[39m
              [36m<div[39m
                [33mclass[39m=[32m"event-meta"[39m
              [36m>[39m
                [36m<span>[39m
                  [0m01[0m
                [36m</span>[39m
                [36m<strong>[39m
                  [0mverify[0m
                [36m</strong>[39m
                [36m<span>[39m
                  [0mdocker[0m
                  [0m · [0m
                  [0msoftware_test[0m
                [36m</span>[39m
                [36m<time>[39m
                  [0m2026-10-06T08:00:00Z[0m
                [36m</time>[39m
              [36m</div>[39m
              [36m<p[39m
                [33mclass[39m=[32m"event-message"[39m
              [36m>[39m
                [0m测试节点已接收新鲜 ROS 消息[0m
              [36m</p>[39m
              [36m<details>[39m
                [36m<summary>[39m
                  [0m检测证据[0m
                [36m</summary>[39m
                [36m<pre>[39m
                  [0m{
  "fresh_messages": true,
  "sample_count": 5
}[0m
                [36m</pre>[39m
              [36m</details>[39m
            [36m</article>[39m
          [36m</section>[39m
          [36m<div[39m
            [33mclass[39m=[32m"export-options"[39m
          [36m>[39m
            [36m<label>[39m
              [36m<input[39m
                [33mchecked[39m=[32m""[39m
                [33mtype[39m=[32m"checkbox"[39m
              [36m/>[39m
              [0m遮盖 IP / 序列号[0m
            [36m</label>[39m
            [36m<span>[39m
              [0m会话令牌、密钥等凭据始终去敏。[0m
            [36m</span>[39m
          [36m</div>[39m
          [36m<div[39m
            [33mclass[39m=[32m"job-actions"[39m
          [36m>[39m
            [36m<button[39m
              [33mclass[39m=[32m"secondary"[39m
              [33mtype[39m=[32m"button"[39m
            [36m>[39m
              [0m停止测试服务[0m
            [36m</button>[39m
            [36m<button[39m
              [33mclass[39m=[32m"secondary"[39m
              [33mtype[39m=[32m"button"[39m
            [36m>[39m
              [0m生成去敏诊断报告[0m
            [36m</button>[39m
          [36m</div>[39m
          [36m<p[39m
            [33mclass[39m=[32m"muted"[39m
          [36m>[39m
            [0m停止或取消只清理当前作业拥有的容器与网络，保留镜像及用户数据。[0m
            [0m软件停止请求不等于硬件急停。[0m
          [36m</p>[39m
        [36m</main>[39m
        [36m<aside[39m
          [33maria-label[39m=[32m"状态与证据"[39m
          [33mclass[39m=[32m"evidence-panel"[39m
        [36m>[39m
          [36m<div[39m
            [33mclass[39m=[32m"aside-heading"[39m
          [36m>[39m
            [36m<span[39m
              [33mclass[39m=[32m"eyebrow"[39m
            [36m>[39m
              [0mSTATUS & EVIDENCE[0m
            [36m</span>[39m
            [36m<h2>[39m
              [0m每一步，都有依据[0m
            [36m</h2>[39m
          [36m</div>[39m
          [36m<div[39m
            [33mclass[39m=[32m"scope-card"[39m
          [36m>[39m
            [36m<span[39m
              [33mclass[39m=[32m"tag software-tag"[39m
            [36m>[39m
              [0m软件测试[0m
            [36m</span>[39m
            [36m<p>[39m
              [0m当前作业范围[0m
            [36m</p>[39m
            [36m<strong[39m
              [33mdata-testid[39m=[32m"verified-scope"[39m
            [36m>[39m
              [0msoftware[0m
            [36m</strong>[39m
            [36m<small>[39m
              [0m仅检查 Docker/ROS 软件服务，不代表 D1 驱动、数据或运动已验证。[0m
            [36m</small>[39m
          [36m</div>[39m
          [36m<section[39m
            [33mclass[39m=[32m"evidence-section"[39m
          [36m>[39m
            [36m<div[39m
              [33mclass[39m=[32m"section-row"[39m
            [36m>[39m
              [36m<h3>[39m
                [0m真机遥测[0m
              [36m</h3>[39m
              [36m<span[39m
                [33mclass[39m=[32m"tag unknown-tag"[39m
                [33mdata-testid[39m=[32m"telemetry-state"[39m
              [36m>[39m
                [0mUNKNOWN[0m
              [36m</span>[39m
            [36m</div>[39m
            [36m<div[39m
              [33mclass[39m=[32m"telemetry-grid"[39m
            [36m>[39m
              [36m<div>[39m
                [36m<span>[39m
                  [0m电量[0m
                [36m</span>[39m
                [36m<strong[39m
                  [33mdata-testid[39m=[32m"battery-value"[39m
                [36m>[39m
                  [0m未知 [0m
                  [36m<small>[39m
                    [0mnull[0m
                  [36m</small>[39m
                [36m</strong>[39m
              [36m</div>[39m
              [36m<div>[39m
                [36m<span>[39m
                  [0m姿态[0m
                [36m</span>[39m
                [36m<strong[39m
                  [33mdata-testid[39m=[32m"pose-value"[39m
                [36m>[39m
                  [0m未知 [0m
                  [36m<small>[39m
                    [0mnull[0m
                  [36m</small>[39m
                [36m</strong>[39m
              [36m</div>[39m
            [36m</div>[39m
            [36m<p[39m
              [33mclass[39m=[32m"muted"[39m
            [36m>[39m
              [0m未连接机器人。缺失观测保持 null，不判断为正常。[0m
            [36m</p>[39m
            [36m<button[39m
              [33mclass[39m=[32m"motion-disabled"[39m
              [33mdisabled[39m=[32m""[39m
              [33mtype[39m=[32m"button"[39m
            [36m>[39m
              [0m运动控制未启用[0m
            [36m</button>[39m
          [36m</section>[39m
          [36m<section[39m
            [33mclass[39m=[32m"evidence-section"[39m
          [36m>[39m
            [36m<div[39m
              [33mclass[39m=[32m"section-row"[39m
            [36m>[39m
              [36m<h3>[39m
                [0m电脑检测[0m
              [36m</h3>[39m
              [36m<span[39m
                [33mclass[39m=[32m"tag neutral-tag"[39m
              [36m>[39m
                [0m待检测[0m
              [36m</span>[39m
            [36m</div>[39m
            [36m<p[39m
              [33mclass[39m=[32m"muted"[39m
            [36m>[39m
              [0m执行电脑信息将由后端获取。浏览器不会自报检测结果。[0m
            [36m</p>[39m
          [36m</section>[39m
          [36m<div[39m
            [33mclass[39m=[32m"boundary-note"[39m
          [36m>[39m
            [36m<span[39m
              [33maria-hidden[39m=[32m"true"[39m
            [36m>[39m
              [0m↳[0m
            [36m</span>[39m
            [36m<p>[39m
              [0m真实 CPU ROS 软件测试[0m
              [36m<br />[39m
              [36m<small>[39m
                [0m未接 SDK、未接真机、无运动指令[0m
              [36m</small>[39m
            [36m</p>[39m
          [36m</div>[39m
        [36m</aside>[39m
      [36m</div>[39m
      [36m<footer[39m
        [33mclass[39m=[32m"app-footer"[39m
      [36m>[39m
        [36m<span>[39m
          [0mD1Env / Foundation[0m
        [36m</span>[39m
        [36m<span>[39m
          [0m依据可查 · 范围明确 · 默认只读[0m
        [36m</span>[39m
        [36m<span>[39m
          [0m软件检查 ≠ D1 真机验证[0m
        [36m</span>[39m
      [36m</footer>[39m
    [36m</div>[39m
  [36m</div>[39m
[36m</body>[39m
 ❯ Object.getElementError node_modules/@testing-library/dom/dist/config.js:37:19
 ❯ node_modules/@testing-library/dom/dist/query-helpers.js:76:38
 ❯ node_modules/@testing-library/dom/dist/query-helpers.js:52:17
 ❯ node_modules/@testing-library/dom/dist/query-helpers.js:95:19
 ❯ tests/unit/SoftwareApp.test.tsx:261:19
    259|     jobReadHangs = true;
    260|     await act(async () => { await vi.advanceTimersByTimeAsync(5100); }…
    261|     expect(screen.getByRole('heading', { name: '部署曾完成，当前软件状态未知' })).to…
       |                   ^
    262|     expect(screen.getByText('CURRENT_HEALTH_EXPIRED')).toBeVisible();
    263|     expect(document.querySelector('.result-symbol')).not.toHaveTextCon…

⎯⎯⎯⎯⎯⎯⎯⎯⎯⎯⎯⎯⎯⎯⎯⎯⎯⎯⎯⎯⎯⎯⎯⎯[2/5]⎯

 FAIL  tests/unit/SoftwareApp.test.tsx > M3 软件模式的真实范围与生命周期 > 软件 FAILED 可显式清理本作业遗留服务，再重试原计划
TestingLibraryElementError: Unable to find role="button" and name "清理本作业遗留服务"

Ignored nodes: comments, script, style
[36m<body>[39m
  [36m<div>[39m
    [36m<div[39m
      [33mclass[39m=[32m"app-shell"[39m
    [36m>[39m
      [36m<header[39m
        [33mclass[39m=[32m"app-header"[39m
      [36m>[39m
        [36m<a[39m
          [33maria-label[39m=[32m"D1Env 首页"[39m
          [33mclass[39m=[32m"brand"[39m
          [33mhref[39m=[32m"/"[39m
        [36m>[39m
          [36m<span[39m
            [33maria-hidden[39m=[32m"true"[39m
            [33mclass[39m=[32m"brand-mark"[39m
          [36m>[39m
            [0mD1[0m
          [36m</span>[39m
          [36m<span>[39m
            [0mD1Env[0m
            [36m<small>[39m
              [0m机器人环境工作台[0m
            [36m</small>[39m
          [36m</span>[39m
        [36m</a>[39m
        [36m<div[39m
          [33mclass[39m=[32m"header-right"[39m
        [36m>[39m
          [36m<span[39m
            [33mclass[39m=[32m"local-label"[39m
          [36m>[39m
            [36m<i />[39m
            [0m 本地工作台[0m
          [36m</span>[39m
          [36m<span[39m
            [33mclass[39m=[32m"release-tag"[39m
          [36m>[39m
            [0mM3 · 软件部署与检查[0m
          [36m</span>[39m
        [36m</div>[39m
      [36m</header>[39m
      [36m<div[39m
        [33mclass[39m=[32m"mock-banner software-banner"[39m
        [33mdata-testid[39m=[32m"mode-watermark"[39m
      [36m>[39m
        [36m<span>[39m
          [0m真实软件测试 · Docker/ROS[0m
        [36m</span>[39m
        [36m<p>[39m
          [0m仅验证 CPU ROS 软件通信，未连接真机，未验证 D1 功能。[0m
        [36m</p>[39m
        [36m<strong>[39m
          [0m运动权限：未启用[0m
        [36m</strong>[39m
      [36m</div>[39m
      [36m<div[39m
        [33mclass[39m=[32m"workspace-title"[39m
      [36m>[39m
        [36m<div>[39m
          [36m<span[39m
            [33mclass[39m=[32m"eyebrow"[39m
          [36m>[39m
            [0mD1 ENVIRONMENT / FOUNDATION[0m
          [36m</span>[39m
          [36m<h2>[39m
            [0m把每一步，部署得明白。[0m
          [36m</h2>[39m
        [36m</div>[39m
        [36m<span[39m
          [33mclass[39m=[32m"workspace-version"[39m
        [36m>[39m
          [0m中文向导 [0m
          [36m<b>[39m
            [0m01[0m
          [36m</b>[39m
        [36m</span>[39m
      [36m</div>[39m
      [36m<nav[39m
        [33maria-label[39m=[32m"部署向导步骤"[39m
        [33mclass[39m=[32m"wizard-steps"[39m
      [36m>[39m
        [36m<button[39m
          [33maria-label[39m=[32m"1 使用方式"[39m
          [33mtype[39m=[32m"button"[39m
        [36m>[39m
          [36m<span[39m
            [33mclass[39m=[32m"step-number"[39m
          [36m>[39m
            [0m01[0m
          [36m</span>[39m
          [36m<span>[39m
            [0m使用方式[0m
          [36m</span>[39m
        [36m</button>[39m
        [36m<button[39m
          [33maria-label[39m=[32m"2 机器人配置"[39m
          [33mtype[39m=[32m"button"[39m
        [36m>[39m
          [36m<span[39m
            [33mclass[39m=[32m"step-number"[39m
          [36m>[39m
            [0m02[0m
          [36m</span>[39m
          [36m<span>[39m
            [0m机器人配置[0m
          [36m</span>[39m
        [36m</button>[39m
        [36m<button[39m
          [33maria-label[39m=[32m"3 执行电脑"[39m
          [33mtype[39m=[32m"button"[39m
        [36m>[39m
          [36m<span[39m
            [33mclass[39m=[32m"step-number"[39m
          [36m>[39m
            [0m03[0m
          [36m</span>[39m
          [36m<span>[39m
            [0m执行电脑[0m
          [36m</span>[39m
        [36m</button>[39m
        [36m<button[39m
          [33maria-label[39m=[32m"4 部署预览"[39m
          [33mtype[39m=[32m"button"[39m
        [36m>[39m
          [36m<span[39m
            [33mclass[39m=[32m"step-number"[39m
          [36m>[39m
            [0m04[0m
          [36m</span>[39m
          [36m<span>[39m
            [0m部署预览[0m
          [36m</span>[39m
        [36m</button>[39m
        [36m<button[39m
          [33maria-current[39m=[32m"step"[39m
          [33maria-label[39m=[32m"5 运行与结果"[39m
          [33mtype[39m=[32m"button"[39m
        [36m>[39m
          [36m<span[39m
            [33mclass[39m=[32m"step-number"[39m
          [36m>[39m
            [0m05[0m
          [36m</span>[39m
          [36m<span>[39m
            [0m运行与结果[0m
          [36m</span>[39m
        [36m</button>[39m
      [36m</nav>[39m
      [36m<div[39m
        [33mclass[39m=[32m"workspace-grid"[39m
      [36m>[39m
        [36m<main[39m
          [33mclass[39m=[32m"main-panel"[39m
        [36m>[39m
          [36m<div[39m
            [33mclass[39m=[32m"page-heading"[39m
          [36m>[39m
            [36m<span[39m
              [33mclass[39m=[32m"eyebrow"[39m
            [36m>[39m
              [0m05 / 结果[0m
            [36m</span>[39m
            [36m<h1>[39m
              [0m软件测试未通过[0m
            [36m</h1>[39m
            [36m<p>[39m
              [0m状态来自服务端当前软件检查。页面每三秒读取；服务失效会撤销历史成功。[0m
            [36m</p>[39m
          [36m</div>[39m
          [36m<div[39m
            [33mclass[39m=[32m"job-summary failure "[39m
          [36m>[39m
            [36m<span[39m
              [33maria-hidden[39m=[32m"true"[39m
              [33mclass[39m=[32m"result-symbol"[39m
            [36m>[39m
              [0m![0m
            [36m</span>[39m
            [36m<div>[39m
              [36m<div[39m
                [33mclass[39m=[32m"section-row"[39m
              [36m>[39m
                [36m<strong[39m
                  [33mdata-testid[39m=[32m"job-state"[39m
                [36m>[39m
                  [0mFAILED[0m
                [36m</strong>[39m
                [36m<span[39m
                  [33mclass[39m=[32m"tag software-tag"[39m
                [36m>[39m
                  [0m真实软件测试[0m
                  [0m / [0m
                  [0msoftware[0m
                [36m</span>[39m
              [36m</div>[39m
              [36m<p>[39m
                [0m作业 [0m
                [36m<span[39m
                  [33mclass[39m=[32m"mono"[39m
                  [33mdata-testid[39m=[32m"job-id"[39m
                [36m>[39m
                  [0msoftware-job-1[0m
                [36m</span>[39m
              [36m</p>[39m
              [36m<small>[39m
                [0m状态事件时间：[0m
                [0m2026-10-06T08:00:00Z[0m
              [36m</small>[39m
            [36m</div>[39m
          [36m</div>[39m
          [36m<section[39m
            [33mclass[39m=[32m"failure-help"[39m
          [36m>[39m
            [36m<div[39m
              [33mclass[39m=[32m"section-row"[39m
            [36m>[39m
              [36m<h2>[39m
                [0m失败环节与下一步[0m
              [36m</h2>[39m
              [36m<span[39m
                [33mclass[39m=[32m"error-code"[39m
              [36m>[39m
                [0mCLEANUP_INCOMPLETE[0m
              [36m</span>[39m
            [36m</div>[39m
            [36m<p>[39m
              [0m失败环节：[0m
              [0m查看下方步骤证据[0m
            [36m</p>[39m
            [36m<p>[39m
              [0m下一步：[0m
              [0m核对当前软件服务与消息证据，重新预览或按原始计划重试。缺失或过期消息不会记为成功。[0m
            [36m</p>[39m
            [36m<small>[39m
              [0m软件故障或故障注入仅描述当前 Docker/ROS 测试，不是 D1 真机状态。[0m
            [36m</small>[39m
          [36m</section>[39m
          [36m<div[39m
            [33mclass[39m=[32m"result-proof-grid"[39m
          [36m>[39m
            [36m<div>[39m
              [36m<span>[39m
                [0m软件执行[0m
              [36m</span>[39m
              [36m<strong>[39m
                [0mFAILED[0m
              [36m</strong>[39m
            [36m</div>[39m
            [36m<div>[39m
              [36m<span>[39m
                [0m真实 Docker[0m
              [36m</span>[39m
              [36m<strong>[39m
                [0m未通过 / 待验证[0m
              [36m</strong>[39m
            [36m</div>[39m
            [36m<div>[39m
              [36m<span>[39m
                [0m真机数据[0m
              [36m</span>[39m
              [36m<strong>[39m
                [0mUNKNOWN[0m
              [36m</strong>[39m
            [36m</div>[39m
            [36m<div>[39m
              [36m<span>[39m
                [0m运动权限[0m
              [36m</span>[39m
              [36m<strong>[39m
                [0m未启用[0m
              [36m</strong>[39m
            [36m</div>[39m
          [36m</div>[39m
          [36m<div[39m
            [33mclass[39m=[32m"software-layers"[39m
          [36m>[39m
            [36m<section>[39m
              [36m<h3>[39m
                [0m工件核验记录[0m
              [36m</h3>[39m
              [36m<strong>[39m
                [0mUNKNOWN[0m
              [36m</strong>[39m
            [36m</section>[39m
            [36m<section>[39m
              [36m<h3>[39m
                [0m容器运行[0m
              [36m</h3>[39m
              [36m<strong>[39m
                [0mUNKNOWN / 已停止或待验证[0m
              [36m</strong>[39m
            [36m</section>[39m
            [36m<section>[39m
              [36m<h3>[39m
                [0mROS 软件消息[0m
              [36m</h3>[39m
              [36m<strong>[39m
                [0mUNKNOWN / 未就绪[0m
              [36m</strong>[39m
            [36m</section>[39m
            [36m<section>[39m
              [36m<h3>[39m
                [0mD1 功能[0m
              [36m</h3>[39m
              [36m<strong>[39m
                [0m未实施 / 未验证[0m
              [36m</strong>[39m
            [36m</section>[39m
          [36m</div>[39m
          [36m<section[39m
            [33mclass[39m=[32m"job-events"[39m
          [36m>[39m
            [36m<div[39m
              [33mclass[39m=[32m"section-row"[39m
            [36m>[39m
              [36m<h2>[39m
                [0m步骤与观测证据[0m
              [36m</h2>[39m
              [36m<span[39m
                [33mclass[39m=[32m"tag neutral-tag"[39m
              [36m>[39m
                [0m1[0m
                [0m 条事件[0m
              [36m</span>[39m
            [36m</div>[39m
            [36m<article>[39m
              [36m<div[39m
                [33mclass[39m=[32m"event-meta"[39m
              [36m>[39m
                [36m<span>[39m
                  [0m01[0m
                [36m</span>[39m
                [36m<strong>[39m
                  [0mverify[0m
                [36m</strong>[39m
                [36m<span>[39m
                  [0mdocker[0m
                  [0m · [0m
                  [0msoftware_test[0m
                [36m</span>[39m
                [36m<time>[39m
                  [0m2026-10-06T08:00:00Z[0m
                [36m</time>[39m
              [36m</div>[39m
              [36m<p[39m
                [33mclass[39m=[32m"event-message"[39m
              [36m>[39m
                [0m测试节点已接收新鲜 ROS 消息[0m
              [36m</p>[39m
              [36m<details>[39m
                [36m<summary>[39m
                  [0m检测证据[0m
                [36m</summary>[39m
                [36m<pre>[39m
                  [0m{
  "fresh_messages": true,
  "sample_count": 5
}[0m
                [36m</pre>[39m
              [36m</details>[39m
            [36m</article>[39m
          [36m</section>[39m
          [36m<div[39m
            [33mclass[39m=[32m"export-options"[39m
          [36m>[39m
            [36m<label>[39m
              [36m<input[39m
                [33mchecked[39m=[32m""[39m
                [33mtype[39m=[32m"checkbox"[39m
              [36m/>[39m
              [0m遮盖 IP / 序列号[0m
            [36m</label>[39m
            [36m<span>[39m
              [0m会话令牌、密钥等凭据始终去敏。[0m
            [36m</span>[39m
          [36m</div>[39m
          [36m<div[39m
            [33mclass[39m=[32m"job-actions"[39m
          [36m>[39m
            [36m<button[39m
              [33mclass[39m=[32m"primary"[39m
              [33mtype[39m=[32m"button"[39m
            [36m>[39m
              [0m重试真实软件测试[0m
            [36m</button>[39m
            [36m<button[39m
              [33mclass[39m=[32m"secondary"[39m
              [33mtype[39m=[32m"button"[39m
            [36m>[39m
              [0m重新预览软件计划[0m
            [36m</button>[39m
            [36m<button[39m
              [33mclass[39m=[32m"secondary"[39m
              [33mtype[39m=[32m"button"[39m
            [36m>[39m
              [0m新建软件测试[0m
            [36m</button>[39m
            [36m<button[39m
              [33mclass[39m=[32m"secondary"[39m
              [33mtype[39m=[32m"button"[39m
            [36m>[39m
              [0m生成去敏诊断报告[0m
            [36m</button>[39m
          [36m</div>[39m
          [36m<p[39m
            [33mclass[39m=[32m"muted"[39m
          [36m>[39m
            [0m停止或取消只清理当前作业拥有的容器与网络，保留镜像及用户数据。[0m
            [0m软件停止请求不等于硬件急停。[0m
          [36m</p>[39m
        [36m</main>[39m
        [36m<aside[39m
          [33maria-label[39m=[32m"状态与证据"[39m
          [33mclass[39m=[32m"evidence-panel"[39m
        [36m>[39m
          [36m<div[39m
            [33mclass[39m=[32m"aside-heading"[39m
          [36m>[39m
            [36m<span[39m
              [33mclass[39m=[32m"eyebrow"[39m
            [36m>[39m
              [0mSTATUS & EVIDENCE[0m
            [36m</span>[39m
            [36m<h2>[39m
              [0m每一步，都有依据[0m
            [36m</h2>[39m
          [36m</div>[39m
          [36m<div[39m
            [33mclass[39m=[32m"scope-card"[39m
          [36m>[39m
            [36m<span[39m
              [33mclass[39m=[32m"tag software-tag"[39m
            [36m>[39m
              [0m软件测试[0m
            [36m</span>[39m
            [36m<p>[39m
              [0m当前作业范围[0m
            [36m</p>[39m
            [36m<strong[39m
              [33mdata-testid[39m=[32m"verified-scope"[39m
            [36m>[39m
              [0msoftware[0m
            [36m</strong>[39m
            [36m<small>[39m
              [0m仅检查 Docker/ROS 软件服务，不代表 D1 驱动、数据或运动已验证。[0m
            [36m</small>[39m
          [36m</div>[39m
          [36m<section[39m
            [33mclass[39m=[32m"evidence-section"[39m
          [36m>[39m
            [36m<div[39m
              [33mclass[39m=[32m"section-row"[39m
            [36m>[39m
              [36m<h3>[39m
                [0m真机遥测[0m
              [36m</h3>[39m
              [36m<span[39m
                [33mclass[39m=[32m"tag unknown-tag"[39m
                [33mdata-testid[39m=[32m"telemetry-state"[39m
              [36m>[39m
                [0mUNKNOWN[0m
              [36m</span>[39m
            [36m</div>[39m
            [36m<div[39m
              [33mclass[39m=[32m"telemetry-grid"[39m
            [36m>[39m
              [36m<div>[39m
                [36m<span>[39m
                  [0m电量[0m
                [36m</span>[39m
                [36m<strong[39m
                  [33mdata-testid[39m=[32m"battery-value"[39m
                [36m>[39m
                  [0m未知 [0m
                  [36m<small>[39m
                    [0mnull[0m
                  [36m</small>[39m
                [36m</strong>[39m
              [36m</div>[39m
              [36m<div>[39m
                [36m<span>[39m
                  [0m姿态[0m
                [36m</span>[39m
                [36m<strong[39m
                  [33mdata-testid[39m=[32m"pose-value"[39m
                [36m>[39m
                  [0m未知 [0m
                  [36m<small>[39m
                    [0mnull[0m
                  [36m</small>[39m
                [36m</strong>[39m
              [36m</div>[39m
            [36m</div>[39m
            [36m<p[39m
              [33mclass[39m=[32m"muted"[39m
            [36m>[39m
              [0m未连接机器人。缺失观测保持 null，不判断为正常。[0m
            [36m</p>[39m
            [36m<button[39m
              [33mclass[39m=[32m"motion-disabled"[39m
              [33mdisabled[39m=[32m""[39m
              [33mtype[39m=[32m"button"[39m
            [36m>[39m
              [0m运动控制未启用[0m
            [36m</button>[39m
          [36m</section>[39m
          [36m<section[39m
            [33mclass[39m=[32m"evidence-section"[39m
          [36m>[39m
            [36m<div[39m
              [33mclass[39m=[32m"section-row"[39m
            [36m>[39m
              [36m<h3>[39m
                [0m电脑检测[0m
              [36m</h3>[39m
              [36m<span[39m
                [33mclass[39m=[32m"tag neutral-tag"[39m
              [36m>[39m
                [0m待检测[0m
              [36m</span>[39m
            [36m</div>[39m
            [36m<p[39m
              [33mclass[39m=[32m"muted"[39m
            [36m>[39m
              [0m执行电脑信息将由后端获取。浏览器不会自报检测结果。[0m
            [36m</p>[39m
          [36m</section>[39m
          [36m<div[39m
            [33mclass[39m=[32m"boundary-note"[39m
          [36m>[39m
            [36m<span[39m
              [33maria-hidden[39m=[32m"true"[39m
            [36m>[39m
              [0m↳[0m
            [36m</span>[39m
            [36m<p>[39m
              [0m真实 CPU ROS 软件测试[0m
              [36m<br />[39m
              [36m<small>[39m
                [0m未接 SDK、未接真机、无运动指令[0m
              [36m</small>[39m
            [36m</p>[39m
          [36m</div>[39m
        [36m</aside>[39m
      [36m</div>[39m
      [36m<footer[39m
        [33mclass[39m=[32m"app-footer"[39m
      [36m>[39m
        [36m<span>[39m
          [0mD1Env / Foundation[0m
        [36m</span>[39m
        [36m<span>[39m
          [0m依据可查 · 范围明确 · 默认只读[0m
        [36m</span>[39m
        [36m<span>[39m
          [0m软件检查 ≠ D1 真机验证[0m
        [36m</span>[39m
      [36m</footer>[39m
    [36m</div>[39m
  [36m</div>[39m
[36m</body>[39m

Ignored nodes: comments, script, style
[36m<body>[39m
  [36m<div>[39m
    [36m<div[39m
      [33mclass[39m=[32m"app-shell"[39m
    [36m>[39m
      [36m<header[39m
        [33mclass[39m=[32m"app-header"[39m
      [36m>[39m
        [36m<a[39m
          [33maria-label[39m=[32m"D1Env 首页"[39m
          [33mclass[39m=[32m"brand"[39m
          [33mhref[39m=[32m"/"[39m
        [36m>[39m
          [36m<span[39m
            [33maria-hidden[39m=[32m"true"[39m
            [33mclass[39m=[32m"brand-mark"[39m
          [36m>[39m
            [0mD1[0m
          [36m</span>[39m
          [36m<span>[39m
            [0mD1Env[0m
            [36m<small>[39m
              [0m机器人环境工作台[0m
            [36m</small>[39m
          [36m</span>[39m
        [36m</a>[39m
        [36m<div[39m
          [33mclass[39m=[32m"header-right"[39m
        [36m>[39m
          [36m<span[39m
            [33mclass[39m=[32m"local-label"[39m
          [36m>[39m
            [36m<i />[39m
            [0m 本地工作台[0m
          [36m</span>[39m
          [36m<span[39m
            [33mclass[39m=[32m"release-tag"[39m
          [36m>[39m
            [0mM3 · 软件部署与检查[0m
          [36m</span>[39m
        [36m</div>[39m
      [36m</header>[39m
      [36m<div[39m
        [33mclass[39m=[32m"mock-banner software-banner"[39m
        [33mdata-testid[39m=[32m"mode-watermark"[39m
      [36m>[39m
        [36m<span>[39m
          [0m真实软件测试 · Docker/ROS[0m
        [36m</span>[39m
        [36m<p>[39m
          [0m仅验证 CPU ROS 软件通信，未连接真机，未验证 D1 功能。[0m
        [36m</p>[39m
        [36m<strong>[39m
          [0m运动权限：未启用[0m
        [36m</strong>[39m
      [36m</div>[39m
      [36m<div[39m
        [33mclass[39m=[32m"workspace-title"[39m
      [36m>[39m
        [36m<div>[39m
          [36m<span[39m
            [33mclass[39m=[32m"eyebrow"[39m
          [36m>[39m
            [0mD1 ENVIRONMENT / FOUNDATION[0m
          [36m</span>[39m
          [36m<h2>[39m
            [0m把每一步，部署得明白。[0m
          [36m</h2>[39m
        [36m</div>[39m
        [36m<span[39m
          [33mclass[39m=[32m"workspace-version"[39m
        [36m>[39m
          [0m中文向导 [0m
          [36m<b>[39m
            [0m01[0m
          [36m</b>[39m
        [36m</span>[39m
      [36m</div>[39m
      [36m<nav[39m
        [33maria-label[39m=[32m"部署向导步骤"[39m
        [33mclass[39m=[32m"wizard-steps"[39m
      [36m>[39m
        [36m<button[39m
          [33maria-label[39m=[32m"1 使用方式"[39m
          [33mtype[39m=[32m"button"[39m
        [36m>[39m
          [36m<span[39m
            [33mclass[39m=[32m"step-number"[39m
          [36m>[39m
            [0m01[0m
          [36m</span>[39m
          [36m<span>[39m
            [0m使用方式[0m
          [36m</span>[39m
        [36m</button>[39m
        [36m<button[39m
          [33maria-label[39m=[32m"2 机器人配置"[39m
          [33mtype[39m=[32m"button"[39m
        [36m>[39m
          [36m<span[39m
            [33mclass[39m=[32m"step-number"[39m
          [36m>[39m
            [0m02[0m
          [36m</span>[39m
          [36m<span>[39m
            [0m机器人配置[0m
          [36m</span>[39m
        [36m</button>[39m
        [36m<button[39m
          [33maria-label[39m=[32m"3 执行电脑"[39m
          [33mtype[39m=[32m"button"[39m
        [36m>[39m
          [36m<span[39m
            [33mclass[39m=[32m"step-number"[39m
          [36m>[39m
            [0m03[0m
          [36m</span>[39m
          [36m<span>[39m
            [0m执行电脑[0m
          [36m</span>[39m
        [36m</button>[39m
        [36m<button[39m
          [33maria-label[39m=[32m"4 部署预览"[39m
          [33mtype[39m=[32m"button"[39m
        [36m>[39m
          [36m<span[39m
            [33mclass[39m=[32m"step-number"[39m
          [36m>[39m
            [0m04[0m
          [36m</span>[39m
          [36m<span>[39m
            [0m部署预览[0m
          [36m</span>[39m
        [36m</button>[39m
        [36m<button[39m
          [33maria-current[39m=[32m"step"[39m
          [33maria-label[39m=[32m"5 运行与结果"[39m
          [33mtype[39m=[32m"button"[39m
        [36m>[39m
          [36m<span[39m
            [33mclass[39m=[32m"step-number"[39m
          [36m>[39m
            [0m05[0m
          [36m</span>[39m
          [36m<span>[39m
            [0m运行与结果[0m
          [36m</span>[39m
        [36m</button>[39m
      [36m</nav>[39m
      [36m<div[39m
        [33mclass[39m=[32m"workspace-grid"[39m
      [36m>[39m
        [36m<main[39m
          [33mclass[39m=[32m"main-panel"[39m
        [36m>[39m
          [36m<div[39m
            [33mclass[39m=[32m"page-heading"[39m
          [36m>[39m
            [36m<span[39m
              [33mclass[39m=[32m"eyebrow"[39m
            [36m>[39m
              [0m05 / 结果[0m
            [36m</span>[39m
            [36m<h1>[39m
              [0m软件测试未通过[0m
            [36m</h1>[39m
            [36m<p>[39m
              [0m状态来自服务端当前软件检查。页面每三秒读取；服务失效会撤销历史成功。[0m
            [36m</p>[39m
          [36m</div>[39m
          [36m<div[39m
            [33mclass[39m=[32m"job-summary failure "[39m
          [36m>[39m
            [36m<span[39m
              [33maria-hidden[39m=[32m"true"[39m
              [33mclass[39m=[32m"result-symbol"[39m
            [36m>[39m
              [0m![0m
            [36m</span>[39m
            [36m<div>[39m
              [36m<div[39m
                [33mclass[39m=[32m"section-row"[39m
              [36m>[39m
                [36m<strong[39m
                  [33mdata-testid[39m=[32m"job-state"[39m
                [36m>[39m
                  [0mFAILED[0m
                [36m</strong>[39m
                [36m<span[39m
                  [33mclass[39m=[32m"tag software-tag"[39m
                [36m>[39m
                  [0m真实软件测试[0m
                  [0m / [0m
                  [0msoftware[0m
                [36m</span>[39m
              [36m</div>[39m
              [36m<p>[39m
                [0m作业 [0m
                [36m<span[39m
                  [33mclass[39m=[32m"mono"[39m
                  [33mdata-testid[39m=[32m"job-id"[39m
                [36m>[39m
                  [0msoftware-job-1[0m
                [36m</span>[39m
              [36m</p>[39m
              [36m<small>[39m
                [0m状态事件时间：[0m
                [0m2026-10-06T08:00:00Z[0m
              [36m</small>[39m
            [36m</div>[39m
          [36m</div>[39m
          [36m<section[39m
            [33mclass[39m=[32m"failure-help"[39m
          [36m>[39m
            [36m<div[39m
              [33mclass[39m=[32m"section-row"[39m
            [36m>[39m
              [36m<h2>[39m
                [0m失败环节与下一步[0m
              [36m</h2>[39m
              [36m<span[39m
                [33mclass[39m=[32m"error-code"[39m
              [36m>[39m
                [0mCLEANUP_INCOMPLETE[0m
              [36m</span>[39m
            [36m</div>[39m
            [36m<p>[39m
              [0m失败环节：[0m
              [0m查看下方步骤证据[0m
            [36m</p>[39m
            [36m<p>[39m
              [0m下一步：[0m
              [0m核对当前软件服务与消息证据，重新预览或按原始计划重试。缺失或过期消息不会记为成功。[0m
            [36m</p>[39m
            [36m<small>[39m
              [0m软件故障或故障注入仅描述当前 Docker/ROS 测试，不是 D1 真机状态。[0m
            [36m</small>[39m
          [36m</section>[39m
          [36m<div[39m
            [33mclass[39m=[32m"result-proof-grid"[39m
          [36m>[39m
            [36m<div>[39m
              [36m<span>[39m
                [0m软件执行[0m
              [36m</span>[39m
              [36m<strong>[39m
                [0mFAILED[0m
              [36m</strong>[39m
            [36m</div>[39m
            [36m<div>[39m
              [36m<span>[39m
                [0m真实 Docker[0m
              [36m</span>[39m
              [36m<strong>[39m
                [0m未通过 / 待验证[0m
              [36m</strong>[39m
            [36m</div>[39m
            [36m<div>[39m
              [36m<span>[39m
                [0m真机数据[0m
              [36m</span>[39m
              [36m<strong>[39m
                [0mUNKNOWN[0m
              [36m</strong>[39m
            [36m</div>[39m
            [36m<div>[39m
              [36m<span>[39m
                [0m运动权限[0m
              [36m</span>[39m
              [36m<strong>[39m
                [0m未启用[0m
              [36m</strong>[39m
            [36m</div>[39m
          [36m</div>[39m
          [36m<div[39m
            [33mclass[39m=[32m"software-layers"[39m
          [36m>[39m
            [36m<section>[39m
              [36m<h3>[39m
                [0m工件核验记录[0m
              [36m</h3>[39m
              [36m<strong>[39m
                [0mUNKNOWN[0m
              [36m</strong>[39m
            [36m</section>[39m
            [36m<section>[39m
              [36m<h3>[39m
                [0m容器运行[0m
              [36m</h3>[39m
              [36m<strong>[39m
                [0mUNKNOWN / 已停止或待验证[0m
              [36m</strong>[39m
            [36m</section>[39m
            [36m<section>[39m
              [36m<h3>[39m
                [0mROS 软件消息[0m
              [36m</h3>[39m
              [36m<strong>[39m
                [0mUNKNOWN / 未就绪[0m
              [36m</strong>[39m
            [36m</section>[39m
            [36m<section>[39m
              [36m<h3>[39m
                [0mD1 功能[0m
              [36m</h3>[39m
              [36m<strong>[39m
                [0m未实施 / 未验证[0m
              [36m</strong>[39m
            [36m</section>[39m
          [36m</div>[39m
          [36m<section[39m
            [33mclass[39m=[32m"job-events"[39m
          [36m>[39m
            [36m<div[39m
              [33mclass[39m=[32m"section-row"[39m
            [36m>[39m
              [36m<h2>[39m
                [0m步骤与观测证据[0m
              [36m</h2>[39m
              [36m<span[39m
                [33mclass[39m=[32m"tag neutral-tag"[39m
              [36m>[39m
                [0m1[0m
                [0m 条事件[0m
              [36m</span>[39m
            [36m</div>[39m
            [36m<article>[39m
              [36m<div[39m
                [33mclass[39m=[32m"event-meta"[39m
              [36m>[39m
                [36m<span>[39m
                  [0m01[0m
                [36m</span>[39m
                [36m<strong>[39m
                  [0mverify[0m
                [36m</strong>[39m
                [36m<span>[39m
                  [0mdocker[0m
                  [0m · [0m
                  [0msoftware_test[0m
                [36m</span>[39m
                [36m<time>[39m
                  [0m2026-10-06T08:00:00Z[0m
                [36m</time>[39m
              [36m</div>[39m
              [36m<p[39m
                [33mclass[39m=[32m"event-message"[39m
              [36m>[39m
                [0m测试节点已接收新鲜 ROS 消息[0m
              [36m</p>[39m
              [36m<details>[39m
                [36m<summary>[39m
                  [0m检测证据[0m
                [36m</summary>[39m
                [36m<pre>[39m
                  [0m{
  "fresh_messages": true,
  "sample_count": 5
}[0m
                [36m</pre>[39m
              [36m</details>[39m
            [36m</article>[39m
          [36m</section>[39m
          [36m<div[39m
            [33mclass[39m=[32m"export-options"[39m
          [36m>[39m
            [36m<label>[39m
              [36m<input[39m
                [33mchecked[39m=[32m""[39m
                [33mtype[39m=[32m"checkbox"[39m
              [36m/>[39m
              [0m遮盖 IP / 序列号[0m
            [36m</label>[39m
            [36m<span>[39m
              [0m会话令牌、密钥等凭据始终去敏。[0m
            [36m</span>[39m
          [36m</div>[39m
          [36m<div[39m
            [33mclass[39m=[32m"job-actions"[39m
          [36m>[39m
            [36m<button[39m
              [33mclass[39m=[32m"primary"[39m
              [33mtype[39m=[32m"button"[39m
            [36m>[39m
              [0m重试真实软件测试[0m
            [36m</button>[39m
            [36m<button[39m
              [33mclass[39m=[32m"secondary"[39m
              [33mtype[39m=[32m"button"[39m
            [36m>[39m
              [0m重新预览软件计划[0m
            [36m</button>[39m
            [36m<button[39m
              [33mclass[39m=[32m"secondary"[39m
              [33mtype[39m=[32m"button"[39m
            [36m>[39m
              [0m新建软件测试[0m
            [36m</button>[39m
            [36m<button[39m
              [33mclass[39m=[32m"secondary"[39m
              [33mtype[39m=[32m"button"[39m
            [36m>[39m
              [0m生成去敏诊断报告[0m
            [36m</button>[39m
          [36m</div>[39m
          [36m<p[39m
            [33mclass[39m=[32m"muted"[39m
          [36m>[39m
            [0m停止或取消只清理当前作业拥有的容器与网络，保留镜像及用户数据。[0m
            [0m软件停止请求不等于硬件急停。[0m
          [36m</p>[39m
        [36m</main>[39m
        [36m<aside[39m
          [33maria-label[39m=[32m"状态与证据"[39m
          [33mclass[39m=[32m"evidence-panel"[39m
        [36m>[39m
          [36m<div[39m
            [33mclass[39m=[32m"aside-heading"[39m
          [36m>[39m
            [36m<span[39m
              [33mclass[39m=[32m"eyebrow"[39m
            [36m>[39m
              [0mSTATUS & EVIDENCE[0m
            [36m</span>[39m
            [36m<h2>[39m
              [0m每一步，都有依据[0m
            [36m</h2>[39m
          [36m</div>[39m
          [36m<div[39m
            [33mclass[39m=[32m"scope-card"[39m
          [36m>[39m
            [36m<span[39m
              [33mclass[39m=[32m"tag software-tag"[39m
            [36m>[39m
              [0m软件测试[0m
            [36m</span>[39m
            [36m<p>[39m
              [0m当前作业范围[0m
            [36m</p>[39m
            [36m<strong[39m
              [33mdata-testid[39m=[32m"verified-scope"[39m
            [36m>[39m
              [0msoftware[0m
            [36m</strong>[39m
            [36m<small>[39m
              [0m仅检查 Docker/ROS 软件服务，不代表 D1 驱动、数据或运动已验证。[0m
            [36m</small>[39m
          [36m</div>[39m
          [36m<section[39m
            [33mclass[39m=[32m"evidence-section"[39m
          [36m>[39m
            [36m<div[39m
              [33mclass[39m=[32m"section-row"[39m
            [36m>[39m
              [36m<h3>[39m
                [0m真机遥测[0m
              [36m</h3>[39m
              [36m<span[39m
                [33mclass[39m=[32m"tag unknown-tag"[39m
                [33mdata-testid[39m=[32m"telemetry-state"[39m
              [36m>[39m
                [0mUNKNOWN[0m
              [36m</span>[39m
            [36m</div>[39m
            [36m<div[39m
              [33mclass[39m=[32m"telemetry-grid"[39m
            [36m>[39m
              [36m<div>[39m
                [36m<span>[39m
                  [0m电量[0m
                [36m</span>[39m
                [36m<strong[39m
                  [33mdata-testid[39m=[32m"battery-value"[39m
                [36m>[39m
                  [0m未知 [0m
                  [36m<small>[39m
                    [0mnull[0m
                  [36m</small>[39m
                [36m</strong>[39m
              [36m</div>[39m
              [36m<div>[39m
                [36m<span>[39m
                  [0m姿态[0m
                [36m</span>[39m
                [36m<strong[39m
                  [33mdata-testid[39m=[32m"pose-value"[39m
                [36m>[39m
                  [0m未知 [0m
                  [36m<small>[39m
                    [0mnull[0m
                  [36m</small>[39m
                [36m</strong>[39m
              [36m</div>[39m
            [36m</div>[39m
            [36m<p[39m
              [33mclass[39m=[32m"muted"[39m
            [36m>[39m
              [0m未连接机器人。缺失观测保持 null，不判断为正常。[0m
            [36m</p>[39m
            [36m<button[39m
              [33mclass[39m=[32m"motion-disabled"[39m
              [33mdisabled[39m=[32m""[39m
              [33mtype[39m=[32m"button"[39m
            [36m>[39m
              [0m运动控制未启用[0m
            [36m</button>[39m
          [36m</section>[39m
          [36m<section[39m
            [33mclass[39m=[32m"evidence-section"[39m
          [36m>[39m
            [36m<div[39m
              [33mclass[39m=[32m"section-row"[39m
            [36m>[39m
              [36m<h3>[39m
                [0m电脑检测[0m
              [36m</h3>[39m
              [36m<span[39m
                [33mclass[39m=[32m"tag neutral-tag"[39m
              [36m>[39m
                [0m待检测[0m
              [36m</span>[39m
            [36m</div>[39m
            [36m<p[39m
              [33mclass[39m=[32m"muted"[39m
            [36m>[39m
              [0m执行电脑信息将由后端获取。浏览器不会自报检测结果。[0m
            [36m</p>[39m
          [36m</section>[39m
          [36m<div[39m
            [33mclass[39m=[32m"boundary-note"[39m
          [36m>[39m
            [36m<span[39m
              [33maria-hidden[39m=[32m"true"[39m
            [36m>[39m
              [0m↳[0m
            [36m</span>[39m
            [36m<p>[39m
              [0m真实 CPU ROS 软件测试[0m
              [36m<br />[39m
              [36m<small>[39m
                [0m未接 SDK、未接真机、无运动指令[0m
              [36m</small>[39m
            [36m</p>[39m
          [36m</div>[39m
        [36m</aside>[39m
      [36m</div>[39m
      [36m<footer[39m
        [33mclass[39m=[32m"app-footer"[39m
      [36m>[39m
        [36m<span>[39m
          [0mD1Env / Foundation[0m
        [36m</span>[39m
        [36m<span>[39m
          [0m依据可查 · 范围明确 · 默认只读[0m
        [36m</span>[39m
        [36m<span>[39m
          [0m软件检查 ≠ D1 真机验证[0m
        [36m</span>[39m
      [36m</footer>[39m
    [36m</div>[39m
  [36m</div>[39m
[36m</body>[39m
 ❯ waitForWrapper node_modules/@testing-library/dom/dist/wait-for.js:163:27
 ❯ node_modules/@testing-library/dom/dist/query-helpers.js:86:33
 ❯ tests/unit/SoftwareApp.test.tsx:271:35
    269|     const user = userEvent.setup();
    270|     render(<App />);
    271|     await user.click(await screen.findByRole('button', { name: '清理本作业遗…
       |                                   ^
    272|     expect(await screen.findByTestId('job-state')).toHaveTextContent('…
    273|     expect(calls.find((call) => call.path === `/api/jobs/${softwareJob…

⎯⎯⎯⎯⎯⎯⎯⎯⎯⎯⎯⎯⎯⎯⎯⎯⎯⎯⎯⎯⎯⎯⎯⎯[3/5]⎯

 FAIL  tests/unit/SoftwareApp.test.tsx > M3 软件模式的真实范围与生命周期 > 软件 INTERRUPTED 可显式清理本作业遗留服务，再重试原计划
TestingLibraryElementError: Unable to find role="button" and name "清理本作业遗留服务"

Ignored nodes: comments, script, style
[36m<body>[39m
  [36m<div>[39m
    [36m<div[39m
      [33mclass[39m=[32m"app-shell"[39m
    [36m>[39m
      [36m<header[39m
        [33mclass[39m=[32m"app-header"[39m
      [36m>[39m
        [36m<a[39m
          [33maria-label[39m=[32m"D1Env 首页"[39m
          [33mclass[39m=[32m"brand"[39m
          [33mhref[39m=[32m"/"[39m
        [36m>[39m
          [36m<span[39m
            [33maria-hidden[39m=[32m"true"[39m
            [33mclass[39m=[32m"brand-mark"[39m
          [36m>[39m
            [0mD1[0m
          [36m</span>[39m
          [36m<span>[39m
            [0mD1Env[0m
            [36m<small>[39m
              [0m机器人环境工作台[0m
            [36m</small>[39m
          [36m</span>[39m
        [36m</a>[39m
        [36m<div[39m
          [33mclass[39m=[32m"header-right"[39m
        [36m>[39m
          [36m<span[39m
            [33mclass[39m=[32m"local-label"[39m
          [36m>[39m
            [36m<i />[39m
            [0m 本地工作台[0m
          [36m</span>[39m
          [36m<span[39m
            [33mclass[39m=[32m"release-tag"[39m
          [36m>[39m
            [0mM3 · 软件部署与检查[0m
          [36m</span>[39m
        [36m</div>[39m
      [36m</header>[39m
      [36m<div[39m
        [33mclass[39m=[32m"mock-banner software-banner"[39m
        [33mdata-testid[39m=[32m"mode-watermark"[39m
      [36m>[39m
        [36m<span>[39m
          [0m真实软件测试 · Docker/ROS[0m
        [36m</span>[39m
        [36m<p>[39m
          [0m仅验证 CPU ROS 软件通信，未连接真机，未验证 D1 功能。[0m
        [36m</p>[39m
        [36m<strong>[39m
          [0m运动权限：未启用[0m
        [36m</strong>[39m
      [36m</div>[39m
      [36m<div[39m
        [33mclass[39m=[32m"workspace-title"[39m
      [36m>[39m
        [36m<div>[39m
          [36m<span[39m
            [33mclass[39m=[32m"eyebrow"[39m
          [36m>[39m
            [0mD1 ENVIRONMENT / FOUNDATION[0m
          [36m</span>[39m
          [36m<h2>[39m
            [0m把每一步，部署得明白。[0m
          [36m</h2>[39m
        [36m</div>[39m
        [36m<span[39m
          [33mclass[39m=[32m"workspace-version"[39m
        [36m>[39m
          [0m中文向导 [0m
          [36m<b>[39m
            [0m01[0m
          [36m</b>[39m
        [36m</span>[39m
      [36m</div>[39m
      [36m<nav[39m
        [33maria-label[39m=[32m"部署向导步骤"[39m
        [33mclass[39m=[32m"wizard-steps"[39m
      [36m>[39m
        [36m<button[39m
          [33maria-label[39m=[32m"1 使用方式"[39m
          [33mtype[39m=[32m"button"[39m
        [36m>[39m
          [36m<span[39m
            [33mclass[39m=[32m"step-number"[39m
          [36m>[39m
            [0m01[0m
          [36m</span>[39m
          [36m<span>[39m
            [0m使用方式[0m
          [36m</span>[39m
        [36m</button>[39m
        [36m<button[39m
          [33maria-label[39m=[32m"2 机器人配置"[39m
          [33mtype[39m=[32m"button"[39m
        [36m>[39m
          [36m<span[39m
            [33mclass[39m=[32m"step-number"[39m
          [36m>[39m
            [0m02[0m
          [36m</span>[39m
          [36m<span>[39m
            [0m机器人配置[0m
          [36m</span>[39m
        [36m</button>[39m
        [36m<button[39m
          [33maria-label[39m=[32m"3 执行电脑"[39m
          [33mtype[39m=[32m"button"[39m
        [36m>[39m
          [36m<span[39m
            [33mclass[39m=[32m"step-number"[39m
          [36m>[39m
            [0m03[0m
          [36m</span>[39m
          [36m<span>[39m
            [0m执行电脑[0m
          [36m</span>[39m
        [36m</button>[39m
        [36m<button[39m
          [33maria-label[39m=[32m"4 部署预览"[39m
          [33mtype[39m=[32m"button"[39m
        [36m>[39m
          [36m<span[39m
            [33mclass[39m=[32m"step-number"[39m
          [36m>[39m
            [0m04[0m
          [36m</span>[39m
          [36m<span>[39m
            [0m部署预览[0m
          [36m</span>[39m
        [36m</button>[39m
        [36m<button[39m
          [33maria-current[39m=[32m"step"[39m
          [33maria-label[39m=[32m"5 运行与结果"[39m
          [33mtype[39m=[32m"button"[39m
        [36m>[39m
          [36m<span[39m
            [33mclass[39m=[32m"step-number"[39m
          [36m>[39m
            [0m05[0m
          [36m</span>[39m
          [36m<span>[39m
            [0m运行与结果[0m
          [36m</span>[39m
        [36m</button>[39m
      [36m</nav>[39m
      [36m<div[39m
        [33mclass[39m=[32m"workspace-grid"[39m
      [36m>[39m
        [36m<main[39m
          [33mclass[39m=[32m"main-panel"[39m
        [36m>[39m
          [36m<div[39m
            [33mclass[39m=[32m"page-heading"[39m
          [36m>[39m
            [36m<span[39m
              [33mclass[39m=[32m"eyebrow"[39m
            [36m>[39m
              [0m05 / 结果[0m
            [36m</span>[39m
            [36m<h1>[39m
              [0m软件作业已中断，需要复核[0m
            [36m</h1>[39m
            [36m<p>[39m
              [0m状态来自服务端当前软件检查。页面每三秒读取；服务失效会撤销历史成功。[0m
            [36m</p>[39m
          [36m</div>[39m
          [36m<div[39m
            [33mclass[39m=[32m"job-summary failure "[39m
          [36m>[39m
            [36m<span[39m
              [33maria-hidden[39m=[32m"true"[39m
              [33mclass[39m=[32m"result-symbol"[39m
            [36m>[39m
              [0m![0m
            [36m</span>[39m
            [36m<div>[39m
              [36m<div[39m
                [33mclass[39m=[32m"section-row"[39m
              [36m>[39m
                [36m<strong[39m
                  [33mdata-testid[39m=[32m"job-state"[39m
                [36m>[39m
                  [0mINTERRUPTED[0m
                [36m</strong>[39m
                [36m<span[39m
                  [33mclass[39m=[32m"tag software-tag"[39m
                [36m>[39m
                  [0m真实软件测试[0m
                  [0m / [0m
                  [0msoftware[0m
                [36m</span>[39m
              [36m</div>[39m
              [36m<p>[39m
                [0m作业 [0m
                [36m<span[39m
                  [33mclass[39m=[32m"mono"[39m
                  [33mdata-testid[39m=[32m"job-id"[39m
                [36m>[39m
                  [0msoftware-job-1[0m
                [36m</span>[39m
              [36m</p>[39m
              [36m<small>[39m
                [0m状态事件时间：[0m
                [0m2026-10-06T08:00:00Z[0m
              [36m</small>[39m
            [36m</div>[39m
          [36m</div>[39m
          [36m<section[39m
            [33mclass[39m=[32m"failure-help"[39m
          [36m>[39m
            [36m<div[39m
              [33mclass[39m=[32m"section-row"[39m
            [36m>[39m
              [36m<h2>[39m
                [0m失败环节与下一步[0m
              [36m</h2>[39m
              [36m<span[39m
                [33mclass[39m=[32m"error-code"[39m
              [36m>[39m
                [0mCLEANUP_INCOMPLETE[0m
              [36m</span>[39m
            [36m</div>[39m
            [36m<p>[39m
              [0m失败环节：[0m
              [0m查看下方步骤证据[0m
            [36m</p>[39m
            [36m<p>[39m
              [0m下一步：[0m
              [0m核对当前软件服务与消息证据，重新预览或按原始计划重试。缺失或过期消息不会记为成功。[0m
            [36m</p>[39m
            [36m<small>[39m
              [0m软件故障或故障注入仅描述当前 Docker/ROS 测试，不是 D1 真机状态。[0m
            [36m</small>[39m
          [36m</section>[39m
          [36m<div[39m
            [33mclass[39m=[32m"result-proof-grid"[39m
          [36m>[39m
            [36m<div>[39m
              [36m<span>[39m
                [0m软件执行[0m
              [36m</span>[39m
              [36m<strong>[39m
                [0mINTERRUPTED[0m
              [36m</strong>[39m
            [36m</div>[39m
            [36m<div>[39m
              [36m<span>[39m
                [0m真实 Docker[0m
              [36m</span>[39m
              [36m<strong>[39m
                [0m未通过 / 待验证[0m
              [36m</strong>[39m
            [36m</div>[39m
            [36m<div>[39m
              [36m<span>[39m
                [0m真机数据[0m
              [36m</span>[39m
              [36m<strong>[39m
                [0mUNKNOWN[0m
              [36m</strong>[39m
            [36m</div>[39m
            [36m<div>[39m
              [36m<span>[39m
                [0m运动权限[0m
              [36m</span>[39m
              [36m<strong>[39m
                [0m未启用[0m
              [36m</strong>[39m
            [36m</div>[39m
          [36m</div>[39m
          [36m<div[39m
            [33mclass[39m=[32m"software-layers"[39m
          [36m>[39m
            [36m<section>[39m
              [36m<h3>[39m
                [0m工件核验记录[0m
              [36m</h3>[39m
              [36m<strong>[39m
                [0mUNKNOWN[0m
              [36m</strong>[39m
            [36m</section>[39m
            [36m<section>[39m
              [36m<h3>[39m
                [0m容器运行[0m
              [36m</h3>[39m
              [36m<strong>[39m
                [0mUNKNOWN / 已停止或待验证[0m
              [36m</strong>[39m
            [36m</section>[39m
            [36m<section>[39m
              [36m<h3>[39m
                [0mROS 软件消息[0m
              [36m</h3>[39m
              [36m<strong>[39m
                [0mUNKNOWN / 未就绪[0m
              [36m</strong>[39m
            [36m</section>[39m
            [36m<section>[39m
              [36m<h3>[39m
                [0mD1 功能[0m
              [36m</h3>[39m
              [36m<strong>[39m
                [0m未实施 / 未验证[0m
              [36m</strong>[39m
            [36m</section>[39m
          [36m</div>[39m
          [36m<section[39m
            [33mclass[39m=[32m"job-events"[39m
          [36m>[39m
            [36m<div[39m
              [33mclass[39m=[32m"section-row"[39m
            [36m>[39m
              [36m<h2>[39m
                [0m步骤与观测证据[0m
              [36m</h2>[39m
              [36m<span[39m
                [33mclass[39m=[32m"tag neutral-tag"[39m
              [36m>[39m
                [0m1[0m
                [0m 条事件[0m
              [36m</span>[39m
            [36m</div>[39m
            [36m<article>[39m
              [36m<div[39m
                [33mclass[39m=[32m"event-meta"[39m
              [36m>[39m
                [36m<span>[39m
                  [0m01[0m
                [36m</span>[39m
                [36m<strong>[39m
                  [0mverify[0m
                [36m</strong>[39m
                [36m<span>[39m
                  [0mdocker[0m
                  [0m · [0m
                  [0msoftware_test[0m
                [36m</span>[39m
                [36m<time>[39m
                  [0m2026-10-06T08:00:00Z[0m
                [36m</time>[39m
              [36m</div>[39m
              [36m<p[39m
                [33mclass[39m=[32m"event-message"[39m
              [36m>[39m
                [0m测试节点已接收新鲜 ROS 消息[0m
              [36m</p>[39m
              [36m<details>[39m
                [36m<summary>[39m
                  [0m检测证据[0m
                [36m</summary>[39m
                [36m<pre>[39m
                  [0m{
  "fresh_messages": true,
  "sample_count": 5
}[0m
                [36m</pre>[39m
              [36m</details>[39m
            [36m</article>[39m
          [36m</section>[39m
          [36m<div[39m
            [33mclass[39m=[32m"export-options"[39m
          [36m>[39m
            [36m<label>[39m
              [36m<input[39m
                [33mchecked[39m=[32m""[39m
                [33mtype[39m=[32m"checkbox"[39m
              [36m/>[39m
              [0m遮盖 IP / 序列号[0m
            [36m</label>[39m
            [36m<span>[39m
              [0m会话令牌、密钥等凭据始终去敏。[0m
            [36m</span>[39m
          [36m</div>[39m
          [36m<div[39m
            [33mclass[39m=[32m"job-actions"[39m
          [36m>[39m
            [36m<button[39m
              [33mclass[39m=[32m"primary"[39m
              [33mtype[39m=[32m"button"[39m
            [36m>[39m
              [0m重试真实软件测试[0m
            [36m</button>[39m
            [36m<button[39m
              [33mclass[39m=[32m"secondary"[39m
              [33mtype[39m=[32m"button"[39m
            [36m>[39m
              [0m重新预览软件计划[0m
            [36m</button>[39m
            [36m<button[39m
              [33mclass[39m=[32m"secondary"[39m
              [33mtype[39m=[32m"button"[39m
            [36m>[39m
              [0m新建软件测试[0m
            [36m</button>[39m
            [36m<button[39m
              [33mclass[39m=[32m"secondary"[39m
              [33mtype[39m=[32m"button"[39m
            [36m>[39m
              [0m生成去敏诊断报告[0m
            [36m</button>[39m
          [36m</div>[39m
          [36m<p[39m
            [33mclass[39m=[32m"muted"[39m
          [36m>[39m
            [0m停止或取消只清理当前作业拥有的容器与网络，保留镜像及用户数据。[0m
            [0m软件停止请求不等于硬件急停。[0m
          [36m</p>[39m
        [36m</main>[39m
        [36m<aside[39m
          [33maria-label[39m=[32m"状态与证据"[39m
          [33mclass[39m=[32m"evidence-panel"[39m
        [36m>[39m
          [36m<div[39m
            [33mclass[39m=[32m"aside-heading"[39m
          [36m>[39m
            [36m<span[39m
              [33mclass[39m=[32m"eyebrow"[39m
            [36m>[39m
              [0mSTATUS & EVIDENCE[0m
            [36m</span>[39m
            [36m<h2>[39m
              [0m每一步，都有依据[0m
            [36m</h2>[39m
          [36m</div>[39m
          [36m<div[39m
            [33mclass[39m=[32m"scope-card"[39m
          [36m>[39m
            [36m<span[39m
              [33mclass[39m=[32m"tag software-tag"[39m
            [36m>[39m
              [0m软件测试[0m
            [36m</span>[39m
            [36m<p>[39m
              [0m当前作业范围[0m
            [36m</p>[39m
            [36m<strong[39m
              [33mdata-testid[39m=[32m"verified-scope"[39m
            [36m>[39m
              [0msoftware[0m
            [36m</strong>[39m
            [36m<small>[39m
              [0m仅检查 Docker/ROS 软件服务，不代表 D1 驱动、数据或运动已验证。[0m
            [36m</small>[39m
          [36m</div>[39m
          [36m<section[39m
            [33mclass[39m=[32m"evidence-section"[39m
          [36m>[39m
            [36m<div[39m
              [33mclass[39m=[32m"section-row"[39m
            [36m>[39m
              [36m<h3>[39m
                [0m真机遥测[0m
              [36m</h3>[39m
              [36m<span[39m
                [33mclass[39m=[32m"tag unknown-tag"[39m
                [33mdata-testid[39m=[32m"telemetry-state"[39m
              [36m>[39m
                [0mUNKNOWN[0m
              [36m</span>[39m
            [36m</div>[39m
            [36m<div[39m
              [33mclass[39m=[32m"telemetry-grid"[39m
            [36m>[39m
              [36m<div>[39m
                [36m<span>[39m
                  [0m电量[0m
                [36m</span>[39m
                [36m<strong[39m
                  [33mdata-testid[39m=[32m"battery-value"[39m
                [36m>[39m
                  [0m未知 [0m
                  [36m<small>[39m
                    [0mnull[0m
                  [36m</small>[39m
                [36m</strong>[39m
              [36m</div>[39m
              [36m<div>[39m
                [36m<span>[39m
                  [0m姿态[0m
                [36m</span>[39m
                [36m<strong[39m
                  [33mdata-testid[39m=[32m"pose-value"[39m
                [36m>[39m
                  [0m未知 [0m
                  [36m<small>[39m
                    [0mnull[0m
                  [36m</small>[39m
                [36m</strong>[39m
              [36m</div>[39m
            [36m</div>[39m
            [36m<p[39m
              [33mclass[39m=[32m"muted"[39m
            [36m>[39m
              [0m未连接机器人。缺失观测保持 null，不判断为正常。[0m
            [36m</p>[39m
            [36m<button[39m
              [33mclass[39m=[32m"motion-disabled"[39m
              [33mdisabled[39m=[32m""[39m
              [33mtype[39m=[32m"button"[39m
            [36m>[39m
              [0m运动控制未启用[0m
            [36m</button>[39m
          [36m</section>[39m
          [36m<section[39m
            [33mclass[39m=[32m"evidence-section"[39m
          [36m>[39m
            [36m<div[39m
              [33mclass[39m=[32m"section-row"[39m
            [36m>[39m
              [36m<h3>[39m
                [0m电脑检测[0m
              [36m</h3>[39m
              [36m<span[39m
                [33mclass[39m=[32m"tag neutral-tag"[39m
              [36m>[39m
                [0m待检测[0m
              [36m</span>[39m
            [36m</div>[39m
            [36m<p[39m
              [33mclass[39m=[32m"muted"[39m
            [36m>[39m
              [0m执行电脑信息将由后端获取。浏览器不会自报检测结果。[0m
            [36m</p>[39m
          [36m</section>[39m
          [36m<div[39m
            [33mclass[39m=[32m"boundary-note"[39m
          [36m>[39m
            [36m<span[39m
              [33maria-hidden[39m=[32m"true"[39m
            [36m>[39m
              [0m↳[0m
            [36m</span>[39m
            [36m<p>[39m
              [0m真实 CPU ROS 软件测试[0m
              [36m<br />[39m
              [36m<small>[39m
                [0m未接 SDK、未接真机、无运动指令[0m
              [36m</small>[39m
            [36m</p>[39m
          [36m</div>[39m
        [36m</aside>[39m
      [36m</div>[39m
      [36m<footer[39m
        [33mclass[39m=[32m"app-footer"[39m
      [36m>[39m
        [36m<span>[39m
          [0mD1Env / Foundation[0m
        [36m</span>[39m
        [36m<span>[39m
          [0m依据可查 · 范围明确 · 默认只读[0m
        [36m</span>[39m
        [36m<span>[39m
          [0m软件检查 ≠ D1 真机验证[0m
        [36m</span>[39m
      [36m</footer>[39m
    [36m</div>[39m
  [36m</div>[39m
[36m</body>[39m

Ignored nodes: comments, script, style
[36m<body>[39m
  [36m<div>[39m
    [36m<div[39m
      [33mclass[39m=[32m"app-shell"[39m
    [36m>[39m
      [36m<header[39m
        [33mclass[39m=[32m"app-header"[39m
      [36m>[39m
        [36m<a[39m
          [33maria-label[39m=[32m"D1Env 首页"[39m
          [33mclass[39m=[32m"brand"[39m
          [33mhref[39m=[32m"/"[39m
        [36m>[39m
          [36m<span[39m
            [33maria-hidden[39m=[32m"true"[39m
            [33mclass[39m=[32m"brand-mark"[39m
          [36m>[39m
            [0mD1[0m
          [36m</span>[39m
          [36m<span>[39m
            [0mD1Env[0m
            [36m<small>[39m
              [0m机器人环境工作台[0m
            [36m</small>[39m
          [36m</span>[39m
        [36m</a>[39m
        [36m<div[39m
          [33mclass[39m=[32m"header-right"[39m
        [36m>[39m
          [36m<span[39m
            [33mclass[39m=[32m"local-label"[39m
          [36m>[39m
            [36m<i />[39m
            [0m 本地工作台[0m
          [36m</span>[39m
          [36m<span[39m
            [33mclass[39m=[32m"release-tag"[39m
          [36m>[39m
            [0mM3 · 软件部署与检查[0m
          [36m</span>[39m
        [36m</div>[39m
      [36m</header>[39m
      [36m<div[39m
        [33mclass[39m=[32m"mock-banner software-banner"[39m
        [33mdata-testid[39m=[32m"mode-watermark"[39m
      [36m>[39m
        [36m<span>[39m
          [0m真实软件测试 · Docker/ROS[0m
        [36m</span>[39m
        [36m<p>[39m
          [0m仅验证 CPU ROS 软件通信，未连接真机，未验证 D1 功能。[0m
        [36m</p>[39m
        [36m<strong>[39m
          [0m运动权限：未启用[0m
        [36m</strong>[39m
      [36m</div>[39m
      [36m<div[39m
        [33mclass[39m=[32m"workspace-title"[39m
      [36m>[39m
        [36m<div>[39m
          [36m<span[39m
            [33mclass[39m=[32m"eyebrow"[39m
          [36m>[39m
            [0mD1 ENVIRONMENT / FOUNDATION[0m
          [36m</span>[39m
          [36m<h2>[39m
            [0m把每一步，部署得明白。[0m
          [36m</h2>[39m
        [36m</div>[39m
        [36m<span[39m
          [33mclass[39m=[32m"workspace-version"[39m
        [36m>[39m
          [0m中文向导 [0m
          [36m<b>[39m
            [0m01[0m
          [36m</b>[39m
        [36m</span>[39m
      [36m</div>[39m
      [36m<nav[39m
        [33maria-label[39m=[32m"部署向导步骤"[39m
        [33mclass[39m=[32m"wizard-steps"[39m
      [36m>[39m
        [36m<button[39m
          [33maria-label[39m=[32m"1 使用方式"[39m
          [33mtype[39m=[32m"button"[39m
        [36m>[39m
          [36m<span[39m
            [33mclass[39m=[32m"step-number"[39m
          [36m>[39m
            [0m01[0m
          [36m</span>[39m
          [36m<span>[39m
            [0m使用方式[0m
          [36m</span>[39m
        [36m</button>[39m
        [36m<button[39m
          [33maria-label[39m=[32m"2 机器人配置"[39m
          [33mtype[39m=[32m"button"[39m
        [36m>[39m
          [36m<span[39m
            [33mclass[39m=[32m"step-number"[39m
          [36m>[39m
            [0m02[0m
          [36m</span>[39m
          [36m<span>[39m
            [0m机器人配置[0m
          [36m</span>[39m
        [36m</button>[39m
        [36m<button[39m
          [33maria-label[39m=[32m"3 执行电脑"[39m
          [33mtype[39m=[32m"button"[39m
        [36m>[39m
          [36m<span[39m
            [33mclass[39m=[32m"step-number"[39m
          [36m>[39m
            [0m03[0m
          [36m</span>[39m
          [36m<span>[39m
            [0m执行电脑[0m
          [36m</span>[39m
        [36m</button>[39m
        [36m<button[39m
          [33maria-label[39m=[32m"4 部署预览"[39m
          [33mtype[39m=[32m"button"[39m
        [36m>[39m
          [36m<span[39m
            [33mclass[39m=[32m"step-number"[39m
          [36m>[39m
            [0m04[0m
          [36m</span>[39m
          [36m<span>[39m
            [0m部署预览[0m
          [36m</span>[39m
        [36m</button>[39m
        [36m<button[39m
          [33maria-current[39m=[32m"step"[39m
          [33maria-label[39m=[32m"5 运行与结果"[39m
          [33mtype[39m=[32m"button"[39m
        [36m>[39m
          [36m<span[39m
            [33mclass[39m=[32m"step-number"[39m
          [36m>[39m
            [0m05[0m
          [36m</span>[39m
          [36m<span>[39m
            [0m运行与结果[0m
          [36m</span>[39m
        [36m</button>[39m
      [36m</nav>[39m
      [36m<div[39m
        [33mclass[39m=[32m"workspace-grid"[39m
      [36m>[39m
        [36m<main[39m
          [33mclass[39m=[32m"main-panel"[39m
        [36m>[39m
          [36m<div[39m
            [33mclass[39m=[32m"page-heading"[39m
          [36m>[39m
            [36m<span[39m
              [33mclass[39m=[32m"eyebrow"[39m
            [36m>[39m
              [0m05 / 结果[0m
            [36m</span>[39m
            [36m<h1>[39m
              [0m软件作业已中断，需要复核[0m
            [36m</h1>[39m
            [36m<p>[39m
              [0m状态来自服务端当前软件检查。页面每三秒读取；服务失效会撤销历史成功。[0m
            [36m</p>[39m
          [36m</div>[39m
          [36m<div[39m
            [33mclass[39m=[32m"job-summary failure "[39m
          [36m>[39m
            [36m<span[39m
              [33maria-hidden[39m=[32m"true"[39m
              [33mclass[39m=[32m"result-symbol"[39m
            [36m>[39m
              [0m![0m
            [36m</span>[39m
            [36m<div>[39m
              [36m<div[39m
                [33mclass[39m=[32m"section-row"[39m
              [36m>[39m
                [36m<strong[39m
                  [33mdata-testid[39m=[32m"job-state"[39m
                [36m>[39m
                  [0mINTERRUPTED[0m
                [36m</strong>[39m
                [36m<span[39m
                  [33mclass[39m=[32m"tag software-tag"[39m
                [36m>[39m
                  [0m真实软件测试[0m
                  [0m / [0m
                  [0msoftware[0m
                [36m</span>[39m
              [36m</div>[39m
              [36m<p>[39m
                [0m作业 [0m
                [36m<span[39m
                  [33mclass[39m=[32m"mono"[39m
                  [33mdata-testid[39m=[32m"job-id"[39m
                [36m>[39m
                  [0msoftware-job-1[0m
                [36m</span>[39m
              [36m</p>[39m
              [36m<small>[39m
                [0m状态事件时间：[0m
                [0m2026-10-06T08:00:00Z[0m
              [36m</small>[39m
            [36m</div>[39m
          [36m</div>[39m
          [36m<section[39m
            [33mclass[39m=[32m"failure-help"[39m
          [36m>[39m
            [36m<div[39m
              [33mclass[39m=[32m"section-row"[39m
            [36m>[39m
              [36m<h2>[39m
                [0m失败环节与下一步[0m
              [36m</h2>[39m
              [36m<span[39m
                [33mclass[39m=[32m"error-code"[39m
              [36m>[39m
                [0mCLEANUP_INCOMPLETE[0m
              [36m</span>[39m
            [36m</div>[39m
            [36m<p>[39m
              [0m失败环节：[0m
              [0m查看下方步骤证据[0m
            [36m</p>[39m
            [36m<p>[39m
              [0m下一步：[0m
              [0m核对当前软件服务与消息证据，重新预览或按原始计划重试。缺失或过期消息不会记为成功。[0m
            [36m</p>[39m
            [36m<small>[39m
              [0m软件故障或故障注入仅描述当前 Docker/ROS 测试，不是 D1 真机状态。[0m
            [36m</small>[39m
          [36m</section>[39m
          [36m<div[39m
            [33mclass[39m=[32m"result-proof-grid"[39m
          [36m>[39m
            [36m<div>[39m
              [36m<span>[39m
                [0m软件执行[0m
              [36m</span>[39m
              [36m<strong>[39m
                [0mINTERRUPTED[0m
              [36m</strong>[39m
            [36m</div>[39m
            [36m<div>[39m
              [36m<span>[39m
                [0m真实 Docker[0m
              [36m</span>[39m
              [36m<strong>[39m
                [0m未通过 / 待验证[0m
              [36m</strong>[39m
            [36m</div>[39m
            [36m<div>[39m
              [36m<span>[39m
                [0m真机数据[0m
              [36m</span>[39m
              [36m<strong>[39m
                [0mUNKNOWN[0m
              [36m</strong>[39m
            [36m</div>[39m
            [36m<div>[39m
              [36m<span>[39m
                [0m运动权限[0m
              [36m</span>[39m
              [36m<strong>[39m
                [0m未启用[0m
              [36m</strong>[39m
            [36m</div>[39m
          [36m</div>[39m
          [36m<div[39m
            [33mclass[39m=[32m"software-layers"[39m
          [36m>[39m
            [36m<section>[39m
              [36m<h3>[39m
                [0m工件核验记录[0m
              [36m</h3>[39m
              [36m<strong>[39m
                [0mUNKNOWN[0m
              [36m</strong>[39m
            [36m</section>[39m
            [36m<section>[39m
              [36m<h3>[39m
                [0m容器运行[0m
              [36m</h3>[39m
              [36m<strong>[39m
                [0mUNKNOWN / 已停止或待验证[0m
              [36m</strong>[39m
            [36m</section>[39m
            [36m<section>[39m
              [36m<h3>[39m
                [0mROS 软件消息[0m
              [36m</h3>[39m
              [36m<strong>[39m
                [0mUNKNOWN / 未就绪[0m
              [36m</strong>[39m
            [36m</section>[39m
            [36m<section>[39m
              [36m<h3>[39m
                [0mD1 功能[0m
              [36m</h3>[39m
              [36m<strong>[39m
                [0m未实施 / 未验证[0m
              [36m</strong>[39m
            [36m</section>[39m
          [36m</div>[39m
          [36m<section[39m
            [33mclass[39m=[32m"job-events"[39m
          [36m>[39m
            [36m<div[39m
              [33mclass[39m=[32m"section-row"[39m
            [36m>[39m
              [36m<h2>[39m
                [0m步骤与观测证据[0m
              [36m</h2>[39m
              [36m<span[39m
                [33mclass[39m=[32m"tag neutral-tag"[39m
              [36m>[39m
                [0m1[0m
                [0m 条事件[0m
              [36m</span>[39m
            [36m</div>[39m
            [36m<article>[39m
              [36m<div[39m
                [33mclass[39m=[32m"event-meta"[39m
              [36m>[39m
                [36m<span>[39m
                  [0m01[0m
                [36m</span>[39m
                [36m<strong>[39m
                  [0mverify[0m
                [36m</strong>[39m
                [36m<span>[39m
                  [0mdocker[0m
                  [0m · [0m
                  [0msoftware_test[0m
                [36m</span>[39m
                [36m<time>[39m
                  [0m2026-10-06T08:00:00Z[0m
                [36m</time>[39m
              [36m</div>[39m
              [36m<p[39m
                [33mclass[39m=[32m"event-message"[39m
              [36m>[39m
                [0m测试节点已接收新鲜 ROS 消息[0m
              [36m</p>[39m
              [36m<details>[39m
                [36m<summary>[39m
                  [0m检测证据[0m
                [36m</summary>[39m
                [36m<pre>[39m
                  [0m{
  "fresh_messages": true,
  "sample_count": 5
}[0m
                [36m</pre>[39m
              [36m</details>[39m
            [36m</article>[39m
          [36m</section>[39m
          [36m<div[39m
            [33mclass[39m=[32m"export-options"[39m
          [36m>[39m
            [36m<label>[39m
              [36m<input[39m
                [33mchecked[39m=[32m""[39m
                [33mtype[39m=[32m"checkbox"[39m
              [36m/>[39m
              [0m遮盖 IP / 序列号[0m
            [36m</label>[39m
            [36m<span>[39m
              [0m会话令牌、密钥等凭据始终去敏。[0m
            [36m</span>[39m
          [36m</div>[39m
          [36m<div[39m
            [33mclass[39m=[32m"job-actions"[39m
          [36m>[39m
            [36m<button[39m
              [33mclass[39m=[32m"primary"[39m
              [33mtype[39m=[32m"button"[39m
            [36m>[39m
              [0m重试真实软件测试[0m
            [36m</button>[39m
            [36m<button[39m
              [33mclass[39m=[32m"secondary"[39m
              [33mtype[39m=[32m"button"[39m
            [36m>[39m
              [0m重新预览软件计划[0m
            [36m</button>[39m
            [36m<button[39m
              [33mclass[39m=[32m"secondary"[39m
              [33mtype[39m=[32m"button"[39m
            [36m>[39m
              [0m新建软件测试[0m
            [36m</button>[39m
            [36m<button[39m
              [33mclass[39m=[32m"secondary"[39m
              [33mtype[39m=[32m"button"[39m
            [36m>[39m
              [0m生成去敏诊断报告[0m
            [36m</button>[39m
          [36m</div>[39m
          [36m<p[39m
            [33mclass[39m=[32m"muted"[39m
          [36m>[39m
            [0m停止或取消只清理当前作业拥有的容器与网络，保留镜像及用户数据。[0m
            [0m软件停止请求不等于硬件急停。[0m
          [36m</p>[39m
        [36m</main>[39m
        [36m<aside[39m
          [33maria-label[39m=[32m"状态与证据"[39m
          [33mclass[39m=[32m"evidence-panel"[39m
        [36m>[39m
          [36m<div[39m
            [33mclass[39m=[32m"aside-heading"[39m
          [36m>[39m
            [36m<span[39m
              [33mclass[39m=[32m"eyebrow"[39m
            [36m>[39m
              [0mSTATUS & EVIDENCE[0m
            [36m</span>[39m
            [36m<h2>[39m
              [0m每一步，都有依据[0m
            [36m</h2>[39m
          [36m</div>[39m
          [36m<div[39m
            [33mclass[39m=[32m"scope-card"[39m
          [36m>[39m
            [36m<span[39m
              [33mclass[39m=[32m"tag software-tag"[39m
            [36m>[39m
              [0m软件测试[0m
            [36m</span>[39m
            [36m<p>[39m
              [0m当前作业范围[0m
            [36m</p>[39m
            [36m<strong[39m
              [33mdata-testid[39m=[32m"verified-scope"[39m
            [36m>[39m
              [0msoftware[0m
            [36m</strong>[39m
            [36m<small>[39m
              [0m仅检查 Docker/ROS 软件服务，不代表 D1 驱动、数据或运动已验证。[0m
            [36m</small>[39m
          [36m</div>[39m
          [36m<section[39m
            [33mclass[39m=[32m"evidence-section"[39m
          [36m>[39m
            [36m<div[39m
              [33mclass[39m=[32m"section-row"[39m
            [36m>[39m
              [36m<h3>[39m
                [0m真机遥测[0m
              [36m</h3>[39m
              [36m<span[39m
                [33mclass[39m=[32m"tag unknown-tag"[39m
                [33mdata-testid[39m=[32m"telemetry-state"[39m
              [36m>[39m
                [0mUNKNOWN[0m
              [36m</span>[39m
            [36m</div>[39m
            [36m<div[39m
              [33mclass[39m=[32m"telemetry-grid"[39m
            [36m>[39m
              [36m<div>[39m
                [36m<span>[39m
                  [0m电量[0m
                [36m</span>[39m
                [36m<strong[39m
                  [33mdata-testid[39m=[32m"battery-value"[39m
                [36m>[39m
                  [0m未知 [0m
                  [36m<small>[39m
                    [0mnull[0m
                  [36m</small>[39m
                [36m</strong>[39m
              [36m</div>[39m
              [36m<div>[39m
                [36m<span>[39m
                  [0m姿态[0m
                [36m</span>[39m
                [36m<strong[39m
                  [33mdata-testid[39m=[32m"pose-value"[39m
                [36m>[39m
                  [0m未知 [0m
                  [36m<small>[39m
                    [0mnull[0m
                  [36m</small>[39m
                [36m</strong>[39m
              [36m</div>[39m
            [36m</div>[39m
            [36m<p[39m
              [33mclass[39m=[32m"muted"[39m
            [36m>[39m
              [0m未连接机器人。缺失观测保持 null，不判断为正常。[0m
            [36m</p>[39m
            [36m<button[39m
              [33mclass[39m=[32m"motion-disabled"[39m
              [33mdisabled[39m=[32m""[39m
              [33mtype[39m=[32m"button"[39m
            [36m>[39m
              [0m运动控制未启用[0m
            [36m</button>[39m
          [36m</section>[39m
          [36m<section[39m
            [33mclass[39m=[32m"evidence-section"[39m
          [36m>[39m
            [36m<div[39m
              [33mclass[39m=[32m"section-row"[39m
            [36m>[39m
              [36m<h3>[39m
                [0m电脑检测[0m
              [36m</h3>[39m
              [36m<span[39m
                [33mclass[39m=[32m"tag neutral-tag"[39m
              [36m>[39m
                [0m待检测[0m
              [36m</span>[39m
            [36m</div>[39m
            [36m<p[39m
              [33mclass[39m=[32m"muted"[39m
            [36m>[39m
              [0m执行电脑信息将由后端获取。浏览器不会自报检测结果。[0m
            [36m</p>[39m
          [36m</section>[39m
          [36m<div[39m
            [33mclass[39m=[32m"boundary-note"[39m
          [36m>[39m
            [36m<span[39m
              [33maria-hidden[39m=[32m"true"[39m
            [36m>[39m
              [0m↳[0m
            [36m</span>[39m
            [36m<p>[39m
              [0m真实 CPU ROS 软件测试[0m
              [36m<br />[39m
              [36m<small>[39m
                [0m未接 SDK、未接真机、无运动指令[0m
              [36m</small>[39m
            [36m</p>[39m
          [36m</div>[39m
        [36m</aside>[39m
      [36m</div>[39m
      [36m<footer[39m
        [33mclass[39m=[32m"app-footer"[39m
      [36m>[39m
        [36m<span>[39m
          [0mD1Env / Foundation[0m
        [36m</span>[39m
        [36m<span>[39m
          [0m依据可查 · 范围明确 · 默认只读[0m
        [36m</span>[39m
        [36m<span>[39m
          [0m软件检查 ≠ D1 真机验证[0m
        [36m</span>[39m
      [36m</footer>[39m
    [36m</div>[39m
  [36m</div>[39m
[36m</body>[39m
 ❯ waitForWrapper node_modules/@testing-library/dom/dist/wait-for.js:163:27
 ❯ node_modules/@testing-library/dom/dist/query-helpers.js:86:33
 ❯ tests/unit/SoftwareApp.test.tsx:271:35
    269|     const user = userEvent.setup();
    270|     render(<App />);
    271|     await user.click(await screen.findByRole('button', { name: '清理本作业遗…
       |                                   ^
    272|     expect(await screen.findByTestId('job-state')).toHaveTextContent('…
    273|     expect(calls.find((call) => call.path === `/api/jobs/${softwareJob…

⎯⎯⎯⎯⎯⎯⎯⎯⎯⎯⎯⎯⎯⎯⎯⎯⎯⎯⎯⎯⎯⎯⎯⎯[4/5]⎯

 FAIL  tests/unit/SoftwareApp.test.tsx > M3 软件模式的真实范围与生命周期 > 从历史软件作业入口恢复已移除的指针，同步原范围与故障场景并可清理
TestingLibraryElementError: Unable to find role="button" and name "查看历史软件作业"

Ignored nodes: comments, script, style
[36m<body>[39m
  [36m<div>[39m
    [36m<div[39m
      [33mclass[39m=[32m"app-shell"[39m
    [36m>[39m
      [36m<header[39m
        [33mclass[39m=[32m"app-header"[39m
      [36m>[39m
        [36m<a[39m
          [33maria-label[39m=[32m"D1Env 首页"[39m
          [33mclass[39m=[32m"brand"[39m
          [33mhref[39m=[32m"/"[39m
        [36m>[39m
          [36m<span[39m
            [33maria-hidden[39m=[32m"true"[39m
            [33mclass[39m=[32m"brand-mark"[39m
          [36m>[39m
            [0mD1[0m
          [36m</span>[39m
          [36m<span>[39m
            [0mD1Env[0m
            [36m<small>[39m
              [0m机器人环境工作台[0m
            [36m</small>[39m
          [36m</span>[39m
        [36m</a>[39m
        [36m<div[39m
          [33mclass[39m=[32m"header-right"[39m
        [36m>[39m
          [36m<span[39m
            [33mclass[39m=[32m"local-label"[39m
          [36m>[39m
            [36m<i />[39m
            [0m 本地工作台[0m
          [36m</span>[39m
          [36m<span[39m
            [33mclass[39m=[32m"release-tag"[39m
          [36m>[39m
            [0mM3 · 软件部署与检查[0m
          [36m</span>[39m
        [36m</div>[39m
      [36m</header>[39m
      [36m<div[39m
        [33mclass[39m=[32m"mock-banner "[39m
        [33mdata-testid[39m=[32m"mode-watermark"[39m
      [36m>[39m
        [36m<span[39m
          [33mdata-testid[39m=[32m"mock-watermark"[39m
        [36m>[39m
          [0mMOCK · 演示模式[0m
        [36m</span>[39m
        [36m<p>[39m
          [0m当前为软件演示，无真实容器部署，未连接机器人。[0m
        [36m</p>[39m
        [36m<strong>[39m
          [0m运动权限：未启用[0m
        [36m</strong>[39m
      [36m</div>[39m
      [36m<div[39m
        [33mclass[39m=[32m"workspace-title"[39m
      [36m>[39m
        [36m<div>[39m
          [36m<span[39m
            [33mclass[39m=[32m"eyebrow"[39m
          [36m>[39m
            [0mD1 ENVIRONMENT / FOUNDATION[0m
          [36m</span>[39m
          [36m<h2>[39m
            [0m把每一步，部署得明白。[0m
          [36m</h2>[39m
        [36m</div>[39m
        [36m<span[39m
          [33mclass[39m=[32m"workspace-version"[39m
        [36m>[39m
          [0m中文向导 [0m
          [36m<b>[39m
            [0m01[0m
          [36m</b>[39m
        [36m</span>[39m
      [36m</div>[39m
      [36m<nav[39m
        [33maria-label[39m=[32m"部署向导步骤"[39m
        [33mclass[39m=[32m"wizard-steps"[39m
      [36m>[39m
        [36m<button[39m
          [33maria-current[39m=[32m"step"[39m
          [33maria-label[39m=[32m"1 使用方式"[39m
          [33mtype[39m=[32m"button"[39m
        [36m>[39m
          [36m<span[39m
            [33mclass[39m=[32m"step-number"[39m
          [36m>[39m
            [0m01[0m
          [36m</span>[39m
          [36m<span>[39m
            [0m使用方式[0m
          [36m</span>[39m
        [36m</button>[39m
        [36m<button[39m
          [33maria-label[39m=[32m"2 机器人配置"[39m
          [33mtype[39m=[32m"button"[39m
        [36m>[39m
          [36m<span[39m
            [33mclass[39m=[32m"step-number"[39m
          [36m>[39m
            [0m02[0m
          [36m</span>[39m
          [36m<span>[39m
            [0m机器人配置[0m
          [36m</span>[39m
        [36m</button>[39m
        [36m<button[39m
          [33maria-label[39m=[32m"3 执行电脑"[39m
          [33mtype[39m=[32m"button"[39m
        [36m>[39m
          [36m<span[39m
            [33mclass[39m=[32m"step-number"[39m
          [36m>[39m
            [0m03[0m
          [36m</span>[39m
          [36m<span>[39m
            [0m执行电脑[0m
          [36m</span>[39m
        [36m</button>[39m
        [36m<button[39m
          [33maria-label[39m=[32m"4 部署预览"[39m
          [33mtype[39m=[32m"button"[39m
        [36m>[39m
          [36m<span[39m
            [33mclass[39m=[32m"step-number"[39m
          [36m>[39m
            [0m04[0m
          [36m</span>[39m
          [36m<span>[39m
            [0m部署预览[0m
          [36m</span>[39m
        [36m</button>[39m
        [36m<button[39m
          [33maria-label[39m=[32m"5 运行与结果"[39m
          [33mtype[39m=[32m"button"[39m
        [36m>[39m
          [36m<span[39m
            [33mclass[39m=[32m"step-number"[39m
          [36m>[39m
            [0m05[0m
          [36m</span>[39m
          [36m<span>[39m
            [0m运行与结果[0m
          [36m</span>[39m
        [36m</button>[39m
      [36m</nav>[39m
      [36m<div[39m
        [33mclass[39m=[32m"workspace-grid"[39m
      [36m>[39m
        [36m<main[39m
          [33mclass[39m=[32m"main-panel"[39m
        [36m>[39m
          [36m<div[39m
            [33mclass[39m=[32m"page-heading"[39m
          [36m>[39m
            [36m<span[39m
              [33mclass[39m=[32m"eyebrow"[39m
            [36m>[39m
              [0m01 / 开始[0m
            [36m</span>[39m
            [36m<h1>[39m
              [0m选择这次要验证的范围。[0m
            [36m</h1>[39m
            [36m<p>[39m
              [0m先检查，再预览改动。MOCK 与真实软件服务分开记录，当前版本不会连接机器人。[0m
            [36m</p>[39m
          [36m</div>[39m
          [36m<div[39m
            [33mclass[39m=[32m"mode-grid"[39m
          [36m>[39m
            [36m<button[39m
              [33maria-pressed[39m=[32m"true"[39m
              [33mclass[39m=[32m"mode-card selected"[39m
              [33mtype[39m=[32m"button"[39m
            [36m>[39m
              [36m<span[39m
                [33mclass[39m=[32m"card-icon"[39m
              [36m>[39m
                [0m◇[0m
              [36m</span>[39m
              [36m<span[39m
                [33mclass[39m=[32m"tag mock-tag"[39m
              [36m>[39m
                [0m默认 · MOCK[0m
              [36m</span>[39m
              [36m<strong>[39m
                [0m软件演示体验[0m
              [36m</strong>[39m
              [36m<span>[39m
                [0m真实检测这台电脑，用演示任务走完软件流程。[0m
              [36m</span>[39m
              [36m<small>[39m
                [0m不需要机器人、Docker 或厂商 SDK[0m
              [36m</small>[39m
              [36m<span[39m
                [33maria-hidden[39m=[32m"true"[39m
                [33mclass[39m=[32m"radio-mark"[39m
              [36m>[39m
                [0m✓[0m
              [36m</span>[39m
            [36m</button>[39m
            [36m<button[39m
              [33maria-label[39m=[32m"真实软件测试（Docker/ROS，未接真机）"[39m
              [33maria-pressed[39m=[32m"false"[39m
              [33mclass[39m=[32m"mode-card "[39m
              [33mtype[39m=[32m"button"[39m
            [36m>[39m
              [36m<span[39m
                [33mclass[39m=[32m"card-icon"[39m
              [36m>[39m
                [0m▣[0m
              [36m</span>[39m
              [36m<span[39m
                [33mclass[39m=[32m"tag software-tag"[39m
              [36m>[39m
                [0mM3 · software[0m
              [36m</span>[39m
              [36m<strong>[39m
                [0m真实软件测试[0m
              [36m</strong>[39m
              [36m<span>[39m
                [0m在 Docker 中启动 CPU ROS 通信探针，检查消息新鲜度。[0m
              [36m</span>[39m
              [36m<small>[39m
                [0mDocker/ROS · 未连接真机[0m
              [36m</small>[39m
            [36m</button>[39m
            [36m<button[39m
              [33mclass[39m=[32m"mode-card unavailable"[39m
              [33mdisabled[39m=[32m""[39m
              [33mtype[39m=[32m"button"[39m
            [36m>[39m
              [36m<span[39m
                [33mclass[39m=[32m"card-icon"[39m
              [36m>[39m
                [0m⌁[0m
              [36m</span>[39m
              [36m<span[39m
                [33mclass[39m=[32m"tag neutral-tag"[39m
              [36m>[39m
                [0m尚未实施[0m
              [36m</span>[39m
              [36m<strong>[39m
                [0m真实机器人只读部署[0m
              [36m</strong>[39m
              [36m<span>[39m
                [0m等待准确型号、固件、适配器及工件验证。[0m
              [36m</span>[39m
              [36m<small>[39m
                [0mreal_readonly · 本轮不可执行[0m
              [36m</small>[39m
            [36m</button>[39m
          [36m</div>[39m
          [36m<div[39m
            [33mclass[39m=[32m"scenario-box"[39m
          [36m>[39m
            [36m<div>[39m
              [36m<strong>[39m
                [0m选择演示场景[0m
              [36m</strong>[39m
              [36m<p>[39m
                [0m故障注入仅用于验证错误提示和恢复流程。[0m
              [36m</p>[39m
            [36m</div>[39m
            [36m<label>[39m
              [36m<span[39m
                [33mclass[39m=[32m"visually-hidden"[39m
              [36m>[39m
                [0m演示场景[0m
              [36m</span>[39m
              [36m<select[39m
                [33maria-label[39m=[32m"演示场景"[39m
              [36m>[39m
                [36m<option[39m
                  [33mvalue[39m=[32m"success"[39m
                [36m>[39m
                  [0m标准演示 · 完成软件流程[0m
                [36m</option>[39m
                [36m<option[39m
                  [33mvalue[39m=[32m"verify_failure"[39m
                [36m>[39m
                  [0m故障注入 · 验证步骤失败[0m
                [36m</option>[39m
              [36m</select>[39m
            [36m</label>[39m
          [36m</div>[39m
          [36m<div[39m
            [33mclass[39m=[32m"page-actions"[39m
          [36m>[39m
            [36m<span>[39m
              [0m演示不会修改电脑配置。[0m
            [36m</span>[39m
            [36m<button[39m
              [33mclass[39m=[32m"primary"[39m
              [33mtype[39m=[32m"button"[39m
            [36m>[39m
              [0m下一步：机器人配置 [0m
              [36m<span[39m
                [33maria-hidden[39m=[32m"true"[39m
              [36m>[39m
                [0m→[0m
              [36m</span>[39m
            [36m</button>[39m
          [36m</div>[39m
        [36m</main>[39m
        [36m<aside[39m
          [33maria-label[39m=[32m"状态与证据"[39m
          [33mclass[39m=[32m"evidence-panel"[39m
        [36m>[39m
          [36m<div[39m
            [33mclass[39m=[32m"aside-heading"[39m
          [36m>[39m
            [36m<span[39m
              [33mclass[39m=[32m"eyebrow"[39m
            [36m>[39m
              [0mSTATUS & EVIDENCE[0m
            [36m</span>[39m
            [36m<h2>[39m
              [0m每一步，都有依据[0m
            [36m</h2>[39m
          [36m</div>[39m
          [36m<div[39m
            [33mclass[39m=[32m"scope-card"[39m
          [36m>[39m
            [36m<span[39m
              [33mclass[39m=[32m"tag mock-tag"[39m
            [36m>[39m
              [0mMOCK[0m
            [36m</span>[39m
            [36m<p>[39m
              [0m计划验证范围[0m
            [36m</p>[39m
            [36m<strong[39m
              [33mdata-testid[39m=[32m"verified-scope"[39m
            [36m>[39m
              [0mmock[0m
            [36m</strong>[39m
            [36m<small>[39m
              [0m软件演示结果不代表 Docker 或真机验证。[0m
            [36m</small>[39m
          [36m</div>[39m
          [36m<section[39m
            [33mclass[39m=[32m"evidence-section"[39m
          [36m>[39m
            [36m<div[39m
              [33mclass[39m=[32m"section-row"[39m
            [36m>[39m
              [36m<h3>[39m
                [0m真机遥测[0m
              [36m</h3>[39m
              [36m<span[39m
                [33mclass[39m=[32m"tag unknown-tag"[39m
                [33mdata-testid[39m=[32m"telemetry-state"[39m
              [36m>[39m
                [0mUNKNOWN[0m
              [36m</span>[39m
            [36m</div>[39m
            [36m<div[39m
              [33mclass[39m=[32m"telemetry-grid"[39m
            [36m>[39m
              [36m<div>[39m
                [36m<span>[39m
                  [0m电量[0m
                [36m</span>[39m
                [36m<strong[39m
                  [33mdata-testid[39m=[32m"battery-value"[39m
                [36m>[39m
                  [0m未知 [0m
                  [36m<small>[39m
                    [0mnull[0m
                  [36m</small>[39m
                [36m</strong>[39m
              [36m</div>[39m
              [36m<div>[39m
                [36m<span>[39m
                  [0m姿态[0m
                [36m</span>[39m
                [36m<strong[39m
                  [33mdata-testid[39m=[32m"pose-value"[39m
                [36m>[39m
                  [0m未知 [0m
                  [36m<small>[39m
                    [0mnull[0m
                  [36m</small>[39m
                [36m</strong>[39m
              [36m</div>[39m
            [36m</div>[39m
            [36m<p[39m
              [33mclass[39m=[32m"muted"[39m
            [36m>[39m
              [0m未连接机器人。缺失观测保持 null，不判断为正常。[0m
            [36m</p>[39m
            [36m<button[39m
              [33mclass[39m=[32m"motion-disabled"[39m
              [33mdisabled[39m=[32m""[39m
              [33mtype[39m=[32m"button"[39m
            [36m>[39m
              [0m运动控制未启用[0m
            [36m</button>[39m
          [36m</section>[39m
          [36m<section[39m
            [33mclass[39m=[32m"evidence-section"[39m
          [36m>[39m
            [36m<div[39m
              [33mclass[39m=[32m"section-row"[39m
            [36m>[39m
              [36m<h3>[39m
                [0m电脑检测[0m
              [36m</h3>[39m
              [36m<span[39m
                [33mclass[39m=[32m"tag neutral-tag"[39m
              [36m>[39m
                [0m待检测[0m
              [36m</span>[39m
            [36m</div>[39m
            [36m<p[39m
              [33mclass[39m=[32m"muted"[39m
            [36m>[39m
              [0m执行电脑信息将由后端获取。浏览器不会自报检测结果。[0m
            [36m</p>[39m
          [36m</section>[39m
          [36m<div[39m
            [33mclass[39m=[32m"boundary-note"[39m
          [36m>[39m
            [36m<span[39m
              [33maria-hidden[39m=[32m"true"[39m
            [36m>[39m
              [0m↳[0m
            [36m</span>[39m
            [36m<p>[39m
              [0mMOCK 软件演示[0m
              [36m<br />[39m
              [36m<small>[39m
                [0m无 SDK、无容器操作、无运动指令[0m
              [36m</small>[39m
            [36m</p>[39m
          [36m</div>[39m
        [36m</aside>[39m
      [36m</div>[39m
      [36m<footer[39m
        [33mclass[39m=[32m"app-footer"[39m
      [36m>[39m
        [36m<span>[39m
          [0mD1Env / Foundation[0m
        [36m</span>[39m
        [36m<span>[39m
          [0m依据可查 · 范围明确 · 默认只读[0m
        [36m</span>[39m
        [36m<span>[39m
          [0mMOCK ≠ 真机验证[0m
        [36m</span>[39m
      [36m</footer>[39m
    [36m</div>[39m
  [36m</div>[39m
[36m</body>[39m

Ignored nodes: comments, script, style
[36m<body>[39m
  [36m<div>[39m
    [36m<div[39m
      [33mclass[39m=[32m"app-shell"[39m
    [36m>[39m
      [36m<header[39m
        [33mclass[39m=[32m"app-header"[39m
      [36m>[39m
        [36m<a[39m
          [33maria-label[39m=[32m"D1Env 首页"[39m
          [33mclass[39m=[32m"brand"[39m
          [33mhref[39m=[32m"/"[39m
        [36m>[39m
          [36m<span[39m
            [33maria-hidden[39m=[32m"true"[39m
            [33mclass[39m=[32m"brand-mark"[39m
          [36m>[39m
            [0mD1[0m
          [36m</span>[39m
          [36m<span>[39m
            [0mD1Env[0m
            [36m<small>[39m
              [0m机器人环境工作台[0m
            [36m</small>[39m
          [36m</span>[39m
        [36m</a>[39m
        [36m<div[39m
          [33mclass[39m=[32m"header-right"[39m
        [36m>[39m
          [36m<span[39m
            [33mclass[39m=[32m"local-label"[39m
          [36m>[39m
            [36m<i />[39m
            [0m 本地工作台[0m
          [36m</span>[39m
          [36m<span[39m
            [33mclass[39m=[32m"release-tag"[39m
          [36m>[39m
            [0mM3 · 软件部署与检查[0m
          [36m</span>[39m
        [36m</div>[39m
      [36m</header>[39m
      [36m<div[39m
        [33mclass[39m=[32m"mock-banner "[39m
        [33mdata-testid[39m=[32m"mode-watermark"[39m
      [36m>[39m
        [36m<span[39m
          [33mdata-testid[39m=[32m"mock-watermark"[39m
        [36m>[39m
          [0mMOCK · 演示模式[0m
        [36m</span>[39m
        [36m<p>[39m
          [0m当前为软件演示，无真实容器部署，未连接机器人。[0m
        [36m</p>[39m
        [36m<strong>[39m
          [0m运动权限：未启用[0m
        [36m</strong>[39m
      [36m</div>[39m
      [36m<div[39m
        [33mclass[39m=[32m"workspace-title"[39m
      [36m>[39m
        [36m<div>[39m
          [36m<span[39m
            [33mclass[39m=[32m"eyebrow"[39m
          [36m>[39m
            [0mD1 ENVIRONMENT / FOUNDATION[0m
          [36m</span>[39m
          [36m<h2>[39m
            [0m把每一步，部署得明白。[0m
          [36m</h2>[39m
        [36m</div>[39m
        [36m<span[39m
          [33mclass[39m=[32m"workspace-version"[39m
        [36m>[39m
          [0m中文向导 [0m
          [36m<b>[39m
            [0m01[0m
          [36m</b>[39m
        [36m</span>[39m
      [36m</div>[39m
      [36m<nav[39m
        [33maria-label[39m=[32m"部署向导步骤"[39m
        [33mclass[39m=[32m"wizard-steps"[39m
      [36m>[39m
        [36m<button[39m
          [33maria-current[39m=[32m"step"[39m
          [33maria-label[39m=[32m"1 使用方式"[39m
          [33mtype[39m=[32m"button"[39m
        [36m>[39m
          [36m<span[39m
            [33mclass[39m=[32m"step-number"[39m
          [36m>[39m
            [0m01[0m
          [36m</span>[39m
          [36m<span>[39m
            [0m使用方式[0m
          [36m</span>[39m
        [36m</button>[39m
        [36m<button[39m
          [33maria-label[39m=[32m"2 机器人配置"[39m
          [33mtype[39m=[32m"button"[39m
        [36m>[39m
          [36m<span[39m
            [33mclass[39m=[32m"step-number"[39m
          [36m>[39m
            [0m02[0m
          [36m</span>[39m
          [36m<span>[39m
            [0m机器人配置[0m
          [36m</span>[39m
        [36m</button>[39m
        [36m<button[39m
          [33maria-label[39m=[32m"3 执行电脑"[39m
          [33mtype[39m=[32m"button"[39m
        [36m>[39m
          [36m<span[39m
            [33mclass[39m=[32m"step-number"[39m
          [36m>[39m
            [0m03[0m
          [36m</span>[39m
          [36m<span>[39m
            [0m执行电脑[0m
          [36m</span>[39m
        [36m</button>[39m
        [36m<button[39m
          [33maria-label[39m=[32m"4 部署预览"[39m
          [33mtype[39m=[32m"button"[39m
        [36m>[39m
          [36m<span[39m
            [33mclass[39m=[32m"step-number"[39m
          [36m>[39m
            [0m04[0m
          [36m</span>[39m
          [36m<span>[39m
            [0m部署预览[0m
          [36m</span>[39m
        [36m</button>[39m
        [36m<button[39m
          [33maria-label[39m=[32m"5 运行与结果"[39m
          [33mtype[39m=[32m"button"[39m
        [36m>[39m
          [36m<span[39m
            [33mclass[39m=[32m"step-number"[39m
          [36m>[39m
            [0m05[0m
          [36m</span>[39m
          [36m<span>[39m
            [0m运行与结果[0m
          [36m</span>[39m
        [36m</button>[39m
      [36m</nav>[39m
      [36m<div[39m
        [33mclass[39m=[32m"workspace-grid"[39m
      [36m>[39m
        [36m<main[39m
          [33mclass[39m=[32m"main-panel"[39m
        [36m>[39m
          [36m<div[39m
            [33mclass[39m=[32m"page-heading"[39m
          [36m>[39m
            [36m<span[39m
              [33mclass[39m=[32m"eyebrow"[39m
            [36m>[39m
              [0m01 / 开始[0m
            [36m</span>[39m
            [36m<h1>[39m
              [0m选择这次要验证的范围。[0m
            [36m</h1>[39m
            [36m<p>[39m
              [0m先检查，再预览改动。MOCK 与真实软件服务分开记录，当前版本不会连接机器人。[0m
            [36m</p>[39m
          [36m</div>[39m
          [36m<div[39m
            [33mclass[39m=[32m"mode-grid"[39m
          [36m>[39m
            [36m<button[39m
              [33maria-pressed[39m=[32m"true"[39m
              [33mclass[39m=[32m"mode-card selected"[39m
              [33mtype[39m=[32m"button"[39m
            [36m>[39m
              [36m<span[39m
                [33mclass[39m=[32m"card-icon"[39m
              [36m>[39m
                [0m◇[0m
              [36m</span>[39m
              [36m<span[39m
                [33mclass[39m=[32m"tag mock-tag"[39m
              [36m>[39m
                [0m默认 · MOCK[0m
              [36m</span>[39m
              [36m<strong>[39m
                [0m软件演示体验[0m
              [36m</strong>[39m
              [36m<span>[39m
                [0m真实检测这台电脑，用演示任务走完软件流程。[0m
              [36m</span>[39m
              [36m<small>[39m
                [0m不需要机器人、Docker 或厂商 SDK[0m
              [36m</small>[39m
              [36m<span[39m
                [33maria-hidden[39m=[32m"true"[39m
                [33mclass[39m=[32m"radio-mark"[39m
              [36m>[39m
                [0m✓[0m
              [36m</span>[39m
            [36m</button>[39m
            [36m<button[39m
              [33maria-label[39m=[32m"真实软件测试（Docker/ROS，未接真机）"[39m
              [33maria-pressed[39m=[32m"false"[39m
              [33mclass[39m=[32m"mode-card "[39m
              [33mtype[39m=[32m"button"[39m
            [36m>[39m
              [36m<span[39m
                [33mclass[39m=[32m"card-icon"[39m
              [36m>[39m
                [0m▣[0m
              [36m</span>[39m
              [36m<span[39m
                [33mclass[39m=[32m"tag software-tag"[39m
              [36m>[39m
                [0mM3 · software[0m
              [36m</span>[39m
              [36m<strong>[39m
                [0m真实软件测试[0m
              [36m</strong>[39m
              [36m<span>[39m
                [0m在 Docker 中启动 CPU ROS 通信探针，检查消息新鲜度。[0m
              [36m</span>[39m
              [36m<small>[39m
                [0mDocker/ROS · 未连接真机[0m
              [36m</small>[39m
            [36m</button>[39m
            [36m<button[39m
              [33mclass[39m=[32m"mode-card unavailable"[39m
              [33mdisabled[39m=[32m""[39m
              [33mtype[39m=[32m"button"[39m
            [36m>[39m
              [36m<span[39m
                [33mclass[39m=[32m"card-icon"[39m
              [36m>[39m
                [0m⌁[0m
              [36m</span>[39m
              [36m<span[39m
                [33mclass[39m=[32m"tag neutral-tag"[39m
              [36m>[39m
                [0m尚未实施[0m
              [36m</span>[39m
              [36m<strong>[39m
                [0m真实机器人只读部署[0m
              [36m</strong>[39m
              [36m<span>[39m
                [0m等待准确型号、固件、适配器及工件验证。[0m
              [36m</span>[39m
              [36m<small>[39m
                [0mreal_readonly · 本轮不可执行[0m
              [36m</small>[39m
            [36m</button>[39m
          [36m</div>[39m
          [36m<div[39m
            [33mclass[39m=[32m"scenario-box"[39m
          [36m>[39m
            [36m<div>[39m
              [36m<strong>[39m
                [0m选择演示场景[0m
              [36m</strong>[39m
              [36m<p>[39m
                [0m故障注入仅用于验证错误提示和恢复流程。[0m
              [36m</p>[39m
            [36m</div>[39m
            [36m<label>[39m
              [36m<span[39m
                [33mclass[39m=[32m"visually-hidden"[39m
              [36m>[39m
                [0m演示场景[0m
              [36m</span>[39m
              [36m<select[39m
                [33maria-label[39m=[32m"演示场景"[39m
              [36m>[39m
                [36m<option[39m
                  [33mvalue[39m=[32m"success"[39m
                [36m>[39m
                  [0m标准演示 · 完成软件流程[0m
                [36m</option>[39m
                [36m<option[39m
                  [33mvalue[39m=[32m"verify_failure"[39m
                [36m>[39m
                  [0m故障注入 · 验证步骤失败[0m
                [36m</option>[39m
              [36m</select>[39m
            [36m</label>[39m
          [36m</div>[39m
          [36m<div[39m
            [33mclass[39m=[32m"page-actions"[39m
          [36m>[39m
            [36m<span>[39m
              [0m演示不会修改电脑配置。[0m
            [36m</span>[39m
            [36m<button[39m
              [33mclass[39m=[32m"primary"[39m
              [33mtype[39m=[32m"button"[39m
            [36m>[39m
              [0m下一步：机器人配置 [0m
              [36m<span[39m
                [33maria-hidden[39m=[32m"true"[39m
              [36m>[39m
                [0m→[0m
              [36m</span>[39m
            [36m</button>[39m
          [36m</div>[39m
        [36m</main>[39m
        [36m<aside[39m
          [33maria-label[39m=[32m"状态与证据"[39m
          [33mclass[39m=[32m"evidence-panel"[39m
        [36m>[39m
          [36m<div[39m
            [33mclass[39m=[32m"aside-heading"[39m
          [36m>[39m
            [36m<span[39m
              [33mclass[39m=[32m"eyebrow"[39m
            [36m>[39m
              [0mSTATUS & EVIDENCE[0m
            [36m</span>[39m
            [36m<h2>[39m
              [0m每一步，都有依据[0m
            [36m</h2>[39m
          [36m</div>[39m
          [36m<div[39m
            [33mclass[39m=[32m"scope-card"[39m
          [36m>[39m
            [36m<span[39m
              [33mclass[39m=[32m"tag mock-tag"[39m
            [36m>[39m
              [0mMOCK[0m
            [36m</span>[39m
            [36m<p>[39m
              [0m计划验证范围[0m
            [36m</p>[39m
            [36m<strong[39m
              [33mdata-testid[39m=[32m"verified-scope"[39m
            [36m>[39m
              [0mmock[0m
            [36m</strong>[39m
            [36m<small>[39m
              [0m软件演示结果不代表 Docker 或真机验证。[0m
            [36m</small>[39m
          [36m</div>[39m
          [36m<section[39m
            [33mclass[39m=[32m"evidence-section"[39m
          [36m>[39m
            [36m<div[39m
              [33mclass[39m=[32m"section-row"[39m
            [36m>[39m
              [36m<h3>[39m
                [0m真机遥测[0m
              [36m</h3>[39m
              [36m<span[39m
                [33mclass[39m=[32m"tag unknown-tag"[39m
                [33mdata-testid[39m=[32m"telemetry-state"[39m
              [36m>[39m
                [0mUNKNOWN[0m
              [36m</span>[39m
            [36m</div>[39m
            [36m<div[39m
              [33mclass[39m=[32m"telemetry-grid"[39m
            [36m>[39m
              [36m<div>[39m
                [36m<span>[39m
                  [0m电量[0m
                [36m</span>[39m
                [36m<strong[39m
                  [33mdata-testid[39m=[32m"battery-value"[39m
                [36m>[39m
                  [0m未知 [0m
                  [36m<small>[39m
                    [0mnull[0m
                  [36m</small>[39m
                [36m</strong>[39m
              [36m</div>[39m
              [36m<div>[39m
                [36m<span>[39m
                  [0m姿态[0m
                [36m</span>[39m
                [36m<strong[39m
                  [33mdata-testid[39m=[32m"pose-value"[39m
                [36m>[39m
                  [0m未知 [0m
                  [36m<small>[39m
                    [0mnull[0m
                  [36m</small>[39m
                [36m</strong>[39m
              [36m</div>[39m
            [36m</div>[39m
            [36m<p[39m
              [33mclass[39m=[32m"muted"[39m
            [36m>[39m
              [0m未连接机器人。缺失观测保持 null，不判断为正常。[0m
            [36m</p>[39m
            [36m<button[39m
              [33mclass[39m=[32m"motion-disabled"[39m
              [33mdisabled[39m=[32m""[39m
              [33mtype[39m=[32m"button"[39m
            [36m>[39m
              [0m运动控制未启用[0m
            [36m</button>[39m
          [36m</section>[39m
          [36m<section[39m
            [33mclass[39m=[32m"evidence-section"[39m
          [36m>[39m
            [36m<div[39m
              [33mclass[39m=[32m"section-row"[39m
            [36m>[39m
              [36m<h3>[39m
                [0m电脑检测[0m
              [36m</h3>[39m
              [36m<span[39m
                [33mclass[39m=[32m"tag neutral-tag"[39m
              [36m>[39m
                [0m待检测[0m
              [36m</span>[39m
            [36m</div>[39m
            [36m<p[39m
              [33mclass[39m=[32m"muted"[39m
            [36m>[39m
              [0m执行电脑信息将由后端获取。浏览器不会自报检测结果。[0m
            [36m</p>[39m
          [36m</section>[39m
          [36m<div[39m
            [33mclass[39m=[32m"boundary-note"[39m
          [36m>[39m
            [36m<span[39m
              [33maria-hidden[39m=[32m"true"[39m
            [36m>[39m
              [0m↳[0m
            [36m</span>[39m
            [36m<p>[39m
              [0mMOCK 软件演示[0m
              [36m<br />[39m
              [36m<small>[39m
                [0m无 SDK、无容器操作、无运动指令[0m
              [36m</small>[39m
            [36m</p>[39m
          [36m</div>[39m
        [36m</aside>[39m
      [36m</div>[39m
      [36m<footer[39m
        [33mclass[39m=[32m"app-footer"[39m
      [36m>[39m
        [36m<span>[39m
          [0mD1Env / Foundation[0m
        [36m</span>[39m
        [36m<span>[39m
          [0m依据可查 · 范围明确 · 默认只读[0m
        [36m</span>[39m
        [36m<span>[39m
          [0mMOCK ≠ 真机验证[0m
        [36m</span>[39m
      [36m</footer>[39m
    [36m</div>[39m
  [36m</div>[39m
[36m</body>[39m
 ❯ waitForWrapper node_modules/@testing-library/dom/dist/wait-for.js:163:27
 ❯ node_modules/@testing-library/dom/dist/query-helpers.js:86:33
 ❯ tests/unit/SoftwareApp.test.tsx:284:35
    282|     const user = userEvent.setup();
    283|     render(<App />);
    284|     await user.click(await screen.findByRole('button', { name: '查看历史软件…
       |                                   ^
    285|     await user.click(await screen.findByRole('button', { name: `恢复软件作业…
    286|     expect(await screen.findByTestId('job-id')).toHaveTextContent(soft…

⎯⎯⎯⎯⎯⎯⎯⎯⎯⎯⎯⎯⎯⎯⎯⎯⎯⎯⎯⎯⎯⎯⎯⎯[5/5]⎯


 Test Files  1 failed | 1 passed (2)
      Tests  5 failed | 24 passed (29)
   Start at  02:21:49
   Duration  4.80s (tests 83%, environment 9%, setup 3%, transform 3%, import 1%)


EXIT_CODE=1
